svy_geoid,tsi6_mean,tsi6_se,fsi6_mean,fsi6_se,nhd_cohes_mean,nhd_cohes_se,prop_black_2024,poverty_rate_2024,median_income_2024,black_stratum_2024,poverty_stratum_2024,income_quartile_2024,pop_density_2024,region
24005400100,0.7415753393496872,0.30529845706763464,0.3800711201833571,0.2453424259450015,10.293616668390717,0.5075211844926278,0.17583388557543628,0.03822098679638638,77646,> 10% to ≤ 25%,Low poverty,Q3,6254.684755744635,Baltimore County
24005400200,0,0,0.697220764754068,0.2539645234224277,9.265483966476209,0.3202959497848152,0.21515151515151515,0.13094784925770842,103674,> 10% to ≤ 25%,Low poverty,Q3,7410.528122876437,Baltimore County
24005400400,0.09702693626705705,0.0789288043288853,0.12017915681362912,0.09435099586761075,11.620646688070131,0.9053743193696085,0.10033382789317508,0.04703437854174537,143462,> 10% to ≤ 25%,Low poverty,Q4 (highest),1557.492420766513,Baltimore County
24005400500,0,0,0.1985622970646379,0.14588562436531094,12.303581582334662,0.5097031304056425,0.02013177159590044,0.023792093704245974,188500,≤ 10%,Low poverty,Q4 (highest),1220.6054264638353,Baltimore County
24005400600,3.5386504724766024,1.7396898121556255,3.5386504724766024,1.739690174906364,10.746629069822335,0.7918603722912841,0.2675875361387729,0.08062930186823992,95175,> 25% to ≤ 50%,Low poverty,Q3,8321.68675260871,Baltimore County
24005400701,0.9498108244590678,0.8814095136798653,1.6763912290829137,0.896942157471367,9.193510084554273,0.5201557421374963,0.35906751438086587,0.08658795034816834,88438,> 25% to ≤ 50%,Low poverty,Q3,7208.754901349441,Baltimore County
24005400702,0.10391525280446404,0.1074494605754844,2.5910082899054827,1.4925753532938404,11.008909399757282,1.1391258522423406,0.39517543859649124,0.16317991631799164,102750,> 25% to ≤ 50%,Low poverty,Q3,8411.064164359212,Baltimore County
24005400800,1.4651440043527082,0.6896662907915604,0,0,10.314856659868965,0.3051351803043183,0.28784581908610507,0.0457089552238806,115040,> 25% to ≤ 50%,Low poverty,Q4 (highest),5656.953739486556,Baltimore County
24005400900,0.161422530992728,0.16685942370876028,0,0,9.91273885017985,1.0964915347077884,0.22719220549158547,0.05042391789379741,86250,> 10% to ≤ 25%,Low poverty,Q3,5715.635876746495,Baltimore County
24005401000,0.25791904998386067,0.20709088336975545,0,0,11.68612229421639,0.7508857827974338,0.15178956446744285,0.05519317611640743,115862,> 10% to ≤ 25%,Low poverty,Q4 (highest),4430.638323047619,Baltimore County
24005401101,0.7041239300389234,0.34181690521536034,1.4767273804788108,0.6817702173993894,9.748928583762083,0.20872988342300924,0.5719918224299065,0.13846604215456673,78902,> 50% to ≤ 75%,Low poverty,Q3,6054.073533342185,Baltimore County
24005401102,0,0,1.8507001347657177,0.19540403223595898,10,0,0.7861873226111636,0.05397727272727273,88125,> 75% to ≤ 90%,Low poverty,Q3,790.2329134429673,Baltimore County
24005401200,0.8230157795686077,0.7843434111890967,0.16698740995632905,0.1723288912741627,7.326842718638733,2.1320551287687937,0.7451463790446842,0.07314814814814814,73190,> 50% to ≤ 75%,Low poverty,Q2,4298.553883372247,Baltimore County
24005401301,0.5391502273786701,0.46996889228656746,2.6114185275047657,1.0245562633608314,7.870219648231573,0.9962385334673287,0.841055538508745,0.08929119361767414,75514,> 75% to ≤ 90%,Low poverty,Q2,7322.697501314321,Baltimore County
24005401302,0.37830827841069986,0.3908706981193234,1.9191610666688197,0.810883520966056,11.999999999999998,1.776356839400126e-15,0.7927835051546391,0.14467353951890036,63013,> 75% to ≤ 90%,Low poverty,Q2,12641.419849581685,Baltimore County
24005401400,0,0,0,0,9,0,0.009195402298850575,0.027011494252873563,188913,≤ 10%,Low poverty,Q4 (highest),1615.6545338453336,Baltimore County
24005401503,0.06797581248931088,0.06866421906551176,0.26436795587528933,0.18191080837195153,9.331086705272554,0.39118736885728417,0.09487098804279422,0.08496216897856242,131038,≤ 10%,Low poverty,Q4 (highest),2547.90901799575,Baltimore County
24005401504,0.3264229805554012,0.20211025624426007,0.2993093887686475,0.19069174851297369,9.481005695864923,0.8323062879045575,0.2800559832050385,0.1318404478656403,127348,> 25% to ≤ 50%,Low poverty,Q4 (highest),3257.513923520315,Baltimore County
24005401505,2.9888926700245095,1.1858016384257763,0.274743537776614,0.19199400131633873,6,0,0.37264833574529665,0.15806451612903225,100083,> 25% to ≤ 50%,Low poverty,Q3,4684.752670871188,Baltimore County
24005401506,0,0,1.8496802443441753,1.1687325253089957,9.3198420688932,0.40345559828892563,0.6271117443517199,0.1097089354773051,93477,> 50% to ≤ 75%,Low poverty,Q3,3606.7113366441454,Baltimore County
24005401507,2.147110615015825,1.35318965307724,1.45767613210632,0.6164149175657766,8.028407637231593,1.3167470647597335,0.5674219616542545,0.07674013001426985,76759,> 50% to ≤ 75%,Low poverty,Q3,6019.117908751085,Baltimore County
24005402201,0.0731951138482621,0.0737761438827189,0.1463902276965242,0.14755231853224518,8.871787915360633,0.741480497833637,0.5232624928202183,0.1533508925958443,91852,> 50% to ≤ 75%,Low poverty,Q3,230.70408373635325,Baltimore County
24005402202,0,0,0,0,11.151104101939401,0.8609790150449386,0.3920595533498759,0.05229993698802773,138906,> 25% to ≤ 50%,Low poverty,Q4 (highest),202.31272091440727,Baltimore County
24005402302,3.476982082412745,1.2084616203172538,2.041817833033294,0.5029408098828282,8.116333269355085,0.1245556868988959,0.9019361778415202,0.12572254335260116,86050,> 90%,Low poverty,Q3,4979.031294555789,Baltimore County
24005402303,1.494781568799655,0.7895312993389738,1.5917471580269484,0.6344483228206581,10.565139644047889,0.6759028442430948,0.8159738439981317,0.04660950896336711,95348,> 75% to ≤ 90%,Low poverty,Q3,5811.548244901553,Baltimore County
24005402304,3.188922752121399,2.0439161916217783,1.2963389962564635,0.5111158993254022,8.997924803439926,1.5332987740198802,0.9542097488921714,0.1031628731894768,92337,> 90%,Low poverty,Q3,5690.293636777259,Baltimore County
24005402305,1.3161704231386304,1.0983519992795296,1.625723061105675,1.1596846542813757,7.281053013111226,1.2032673576585315,0.75046006624954,0.0666175929333824,48912,> 75% to ≤ 90%,Low poverty,Q1 (lowest),4369.931849654913,Baltimore County
24005402306,4.260274969139734,1.4983129982194536,1.4729207865713285,0.4697068733922923,9,0,0.8115612198452435,0.11961722488038277,52178,> 75% to ≤ 90%,Low poverty,Q1 (lowest),9111.418145484446,Baltimore County
24005402307,3.3080863468635364,1.6183253267901947,2.7735784685047307,1.158891828163936,11.219145797308512,1.9289030405950567,0.8096037609133647,0.12510997712475805,55966,> 75% to ≤ 90%,Low poverty,Q2,6918.976373347399,Baltimore County
24005402403,0,0,1.4310786375382056,0.575776306230145,12.862157275076411,1.1516319308025684,0.8664175618869687,0.1460093896713615,64976,> 75% to ≤ 90%,Low poverty,Q2,2709.7299674060173,Baltimore County
24005402404,2.014084942311088,1.5261951738654718,0.8893538820660452,0.6959653128939648,9.053324579806251,0.6091746806269737,0.6637752994630318,0.1765079365079365,59741,> 50% to ≤ 75%,Low poverty,Q2,7399.983180464225,Baltimore County
24005402405,5.568349992958652,1.9748438944259918,3.139859758807689,1.0791338419715524,7.540443410786881,1.0852773983854396,0.6100613496932515,0.056687116564417175,81875,> 50% to ≤ 75%,Low poverty,Q3,7471.371332255902,Baltimore County
24005402407,0.4657346406746062,0.4652422342574311,0.9377414443357832,1.0775779917139816,9,0,0.6364406779661017,0.057391304347826085,86378,> 50% to ≤ 75%,Low poverty,Q3,471.3319793644407,Baltimore County
24005402408,0,0,3,0,12,0,0.8541398541398542,0.06349206349206349,64583,> 75% to ≤ 90%,Low poverty,Q2,3586.103148410826,Baltimore County
24005402409,1.639298762099896,1.1441463073522715,4.38133064286183,1.1467700384263746,8.61323009161678,0.46217905602850146,0.854640628145762,0.03890020366598778,69661,> 75% to ≤ 90%,Low poverty,Q2,22322.523678639598,Baltimore County
24005402503,4.23300700416477,1.0085410555308945,4.553415766497072,0.6153018861017562,9.271854767785458,0.8110987494438664,0.7505003335557038,0.2277864719179273,51509,> 75% to ≤ 90%,High poverty,Q1 (lowest),3198.7891737439872,Baltimore County
24005402504,0.8597674818258385,0.647964539915114,0.8817301607624396,0.5293232916226517,10.912203669324327,0.8150711565710383,0.8397813288477712,0.07884777123633305,111352,> 75% to ≤ 90%,Low poverty,Q4 (highest),1547.4248340297256,Baltimore County
24005402505,1.8217807502211187,1.241467919079893,2.6371503984274742,1.3409804833660854,11.792798753837797,1.06926556240745,0.8895424836601307,0.10141122415490647,82014,> 75% to ≤ 90%,Low poverty,Q3,6325.650538393941,Baltimore County
24005402506,0.5878482300919277,0.2481777432409606,1.0614101184903275,0.5658892089512242,10.917622702312048,1.1584108238151307,0.807276736493936,0.039645625692137323,91630,> 75% to ≤ 90%,Low poverty,Q3,5127.988262763219,Baltimore County
24005402510,0.19118320688281112,0.14526895769918588,2.021341668659925,0.953962150472985,8.226296874890664,1.6435061899598211,0.7555188776562822,0.05120551090700345,86429,> 75% to ≤ 90%,Low poverty,Q3,6082.706344999347,Baltimore County
24005402511,0,0,0.3933215092493528,0.3673993803951677,10.008002791273004,1.4599922262640477,0.7967335058214747,0.013583441138421734,114432,> 75% to ≤ 90%,Low poverty,Q4 (highest),9841.624329999024,Baltimore County
24005402602,0,0,0,0,10,0,0.7311636201515826,0.06323396567299007,91125,> 50% to ≤ 75%,Low poverty,Q3,4693.000324750338,Baltimore County
24005402603,0.3193754208657342,0.2188206123282911,1.1284747035939588,0.4187297676339545,8.190517032980456,0.727085261967978,0.8659145850120871,0.029964366699060576,106767,> 75% to ≤ 90%,Low poverty,Q3,2653.2687811312844,Baltimore County
24005402604,1.0021439744586822,0.4866680419691516,0.9459166329698838,0.5940879610916003,9.267033806014984,0.9597103476034053,0.8485562757807896,0.09772660171242988,85915,> 75% to ≤ 90%,Low poverty,Q3,4842.724606175529,Baltimore County
24005403100,5.336347090644119,2.6792847419051746,0.6349639704957352,0.5857935357001306,9.176381820037237,1.1358863282597722,0.6862745098039216,0.05211141060197664,110449,> 50% to ≤ 75%,Low poverty,Q4 (highest),3106.202274458899,Baltimore County
24005403201,0.1471404391525199,0.17081404681313325,0.5929445636352672,0.5770952202721569,11.163206019743178,0.5659273242342869,0.8041002277904328,0.10577472841623785,86370,> 75% to ≤ 90%,Low poverty,Q3,5154.9235412862545,Baltimore County
24005403202,0.3358241780420292,0.24391915897861105,0.6847977708339412,0.2633174718327407,10,0,0.9234234234234234,0.02702702702702703,84236,> 90%,Low poverty,Q3,4932.345590051882,Baltimore County
24005403300,0,0,1.8454244004353026,1.2312892485085722,9.475950522905194,1.2791143404493017,0.4839638157894737,0.12623355263157895,79750,> 25% to ≤ 50%,Low poverty,Q3,3659.9010925926355,Baltimore County
24005403401,0,0,0.4135421225729781,0.3427720174460571,8.972806536055232,1.7114379560804027,0.4378600823045268,0.10266591038003403,84386,> 25% to ≤ 50%,Low poverty,Q3,5205.03442085519,Baltimore County
24005403402,3.351330909599529,0.9487365648554525,2.788785422947133,0.903367237350257,9.222038960390545,0.1617432340537295,0.48770915100185913,0.18886764393456554,47439,> 25% to ≤ 50%,Low poverty,Q1 (lowest),3496.6338930640322,Baltimore County
24005403500,0,0,2.0067295242646384,1.092492771455659,8.810904371989782,1.1378661419552416,0.045446720605956274,0.0786710277156137,116429,≤ 10%,Low poverty,Q4 (highest),4810.9898879692,Baltimore County
24005403601,0.19800540104929668,0.19459668704125854,0.053064063431900045,0.05637130464056476,10.139813881991287,0.34736811401043816,0.029690189328743545,0.07358003442340792,107841,≤ 10%,Low poverty,Q3,4378.921627462271,Baltimore County
24005403602,0,0,0,0,5.670504191752195,2.163899953427493,0.21309487723552592,0.047135495604728704,91343,> 10% to ≤ 25%,Low poverty,Q3,6202.886287525872,Baltimore County
24005403702,0.8326039385917224,0.48404721426155684,0.6790635279661392,0.47874096033495894,7.671638323097475,0.7690595348033759,0.4258364312267658,0.0732902214383696,115201,> 25% to ≤ 50%,Low poverty,Q4 (highest),2201.9993909557083,Baltimore County
24005403703,0.35670835111751154,0.3717344598729756,0,0,7.961085606479416,1.284257491209023,0.10963910461397898,0.11933395004625347,106477,> 10% to ≤ 25%,Low poverty,Q3,2813.44967883061,Baltimore County
24005403704,0.48140874898386476,0.275263024054221,0,0,10.328911651132305,0.6404277197394109,0.4048559020923806,0.04184761152783261,117151,> 25% to ≤ 50%,Low poverty,Q4 (highest),1406.5950746313777,Baltimore County
24005403801,0.7281059182782751,0.28000273260496156,0,0,8.903258572052074,1.9601545420489752,0.07193119624706802,0.06333072713057075,188889,≤ 10%,Low poverty,Q4 (highest),294.2966583691447,Baltimore County
24005403802,0.9095996564364164,0.6380927310667112,0,0,9.687461543149473,0.7143652076618432,0.022490221642764017,0.008148631029986962,250001,≤ 10%,Low poverty,Q4 (highest),822.4156726401751,Baltimore County
24005403803,0.15243806944022736,0.12427400767733782,0,0,9.73291076335143,0.3229364359763967,0.06257275902211874,0.023282887077997673,150333,≤ 10%,Low poverty,Q4 (highest),1541.8115019445033,Baltimore County
24005404101,1.1644802272354289,0.829428673773144,0.7169732671525941,0.3876291578353966,10.706480840028979,0.5553522406228616,0.46422388920946334,0.07360185453491741,104970,> 25% to ≤ 50%,Low poverty,Q3,1408.045290100296,Baltimore County
24005404102,0.044572742895306126,0.0469359489084039,2.604343208507678,1.4052351342492255,6.191453141302441,1.603130861260211,0.5916515426497277,0.07704999175053621,97075,> 50% to ≤ 75%,Low poverty,Q3,3330.395817655943,Baltimore County
24005404201,0,0,0.7026459230018091,0.5778600583981401,8.724279445365148,0.5633057897385113,0.6352677802651971,0.11537799207852592,80379,> 50% to ≤ 75%,Low poverty,Q3,6259.235484062943,Baltimore County
24005404202,3.8029409412285,1.8028894475709678,2.8883097892734337,1.0924180599664473,8.781200381377197,0.2601792657564891,0.5013134391089629,0.037,61786,> 50% to ≤ 75%,Low poverty,Q2,3597.6345054158824,Baltimore County
24005404402,0.11088634723575248,0.10360523525637519,0,0,10.976395280759046,0.6349064708382347,0.3256105197244834,0.043675641828428306,129277,> 25% to ≤ 50%,Low poverty,Q4 (highest),1521.7418773901322,Baltimore County
24005404403,1.4904850454962055,1.000054799248568,1.7115984609084216,0.7286876324494114,8.074423786532833,0.76242515396618,0.5026714158504008,0.07986270022883295,73750,> 50% to ≤ 75%,Low poverty,Q2,5053.889775737456,Baltimore County
24005404404,0.9449088988582995,0.5662932144144298,0.6938983653942183,0.42341592093141583,9.979682947419358,0.5640736946927528,0.36196893131199703,0.0689395366359013,123029,> 25% to ≤ 50%,Low poverty,Q4 (highest),3287.8027504506435,Baltimore County
24005404501,0,0,0.505189184027435,0.2264569501200748,7.6883239300909505,1.444269431526575,0.3528949024543738,0.09235368156073002,114519,> 25% to ≤ 50%,Low poverty,Q4 (highest),5308.798728620203,Baltimore County
24005404502,2.767160822307373,1.9720039206804025,2.695128901729763,1.2134825987178968,9.63149481151376,0.3831607822580977,0.29185267857142855,0.20982142857142858,71944,> 25% to ≤ 50%,High poverty,Q2,8485.483968337981,Baltimore County
24005404600,0.312215915665884,0.29333512392028266,0,0,9.464615804948119,1.164341107025987,0.01953125,0.04971590909090909,112256,≤ 10%,Low poverty,Q4 (highest),115.17436176104536,Baltimore County
24005404800,0.06848893212511235,0.0742937466371156,0,0,10.4125809523373,0.33780004788092655,0.1528162511542013,0.03427512737378416,132500,> 10% to ≤ 25%,Low poverty,Q4 (highest),250.43623929536074,Baltimore County
24005404900,0,0,0,0,10.664566986289184,0.9156851837169298,0.11284840244731476,0.0633257403189066,171938,> 10% to ≤ 25%,Low poverty,Q4 (highest),458.93078489590914,Baltimore County
24005405000,0.10272011383903978,0.10253850025363813,0,0,10.249301481844247,0.8757595279189847,0.02405264352167007,0.02183306800090971,121467,≤ 10%,Low poverty,Q4 (highest),94.29856515135884,Baltimore County
24005406000,0.05029079714342499,0.051380504274090445,0,0,10.256207840936604,0.8563334896257603,0.08481980342191482,0.039315617036767385,157054,≤ 10%,Low poverty,Q4 (highest),152.41235623919746,Baltimore County
24005407001,0,0,0.20381666912489269,0.18201250723120516,10.336808355873892,0.5218391568682469,0.014605647517039922,0.08244076598506979,142791,≤ 10%,Low poverty,Q4 (highest),159.98309315311917,Baltimore County
24005407002,0.14724280735990503,0.1467060907920352,1.0685027445627122,0.5313222992119795,8.491705259869327,1.059720068501447,0.05244188142007569,0.04757613984501712,123950,≤ 10%,Low poverty,Q4 (highest),147.88986291822766,Baltimore County
24005408100,0.019751881882168622,0.021522883514567055,0,0,10.400558875111221,0.5213063204495971,0.10129986553115194,0.014554659072931499,130167,> 10% to ≤ 25%,Low poverty,Q4 (highest),667.3229371357999,Baltimore County
24005408200,0,0,0,0,8.191316898937352,1.350517347087014,0.04123173277661795,0.04592901878914405,188000,≤ 10%,Low poverty,Q4 (highest),114.61036772678814,Baltimore County
24005408302,0.3093871575943757,0.2909893921203274,0,0,11.194083975448859,0.5826681477593565,0.03639909002274943,0.04967320261437908,180833,≤ 10%,Low poverty,Q4 (highest),729.544898303125,Baltimore County
24005408303,0.0766755534008204,0.07658259211537488,0,0,10.142572784193124,0.6633167801030124,0.07764068612699368,0.024375564249172435,211923,≤ 10%,Low poverty,Q4 (highest),588.6750254374573,Baltimore County
24005408304,0.25929779818449167,0.1760692667241435,0.6897476544370819,0.48326534968398815,9.871237762957753,0.5141238730743407,0.04435660957400088,0.04257690592955863,118255,≤ 10%,Low poverty,Q4 (highest),708.4985033285262,Baltimore County
24005408400,0,0,0,0,6.006801561904605,1.1373463192822246,0.08016877637130802,0.13023255813953488,98542,≤ 10%,Low poverty,Q3,308.1361698812378,Baltimore County
24005408502,0.077031003220639,0.07624539915796744,0,0,10.393712426556863,1.2640134762588102,0.04387096774193548,0.042514239218877134,121250,≤ 10%,Low poverty,Q4 (highest),1078.0887944309184,Baltimore County
24005408503,0.9474597998909674,0.7651693811833954,2.432979602129716,0.8913692658363583,7.812263571874581,0.9691611732073578,0.1875,0.12919776119402984,89661,> 10% to ≤ 25%,Low poverty,Q3,5436.447511177989,Baltimore County
24005408505,0.33245699939029394,0.20960432147731467,1.3995175147065315,0.4873165819344427,10.562340675758055,0.458133004483403,0.14401294498381878,0.057982740021574976,109387,> 10% to ≤ 25%,Low poverty,Q4 (highest),2364.5206277172347,Baltimore County
24005408506,0.5373666938889738,0.5457335270516648,0.685537217765494,0.37007992753496594,6.765146181119149,1.029427715158458,0.5226361031518625,0.1311178247734139,59322,> 50% to ≤ 75%,Low poverty,Q2,7198.039540254294,Baltimore County
24005408507,2.2881071911952535,1.4336014991813724,0.18658727274754722,0.19076623449052485,7.711773286717256,1.0593605718924528,0.3213572854291417,0.2081989866421004,53858,> 25% to ≤ 50%,High poverty,Q1 (lowest),9528.210740720657,Baltimore County
24005408601,0.3815946972234462,0.2691013098871464,1.260611551530144,0.5768937913674085,9.339501593420001,0.5189155355767388,0.05194805194805195,0.059625212947189095,134313,≤ 10%,Low poverty,Q4 (highest),4353.540426364518,Baltimore County
24005408602,0,0,0.4640420241620818,0.4210224404093072,10,0,0.026576341844710787,0.024491922876498175,138409,≤ 10%,Low poverty,Q4 (highest),2889.6889497683974,Baltimore County
24005408702,0,0,0.8255943384839562,0.7697695684047423,9.603034457432763,0.4084798782685965,0.03460674157303371,0.02711251694532309,159429,≤ 10%,Low poverty,Q4 (highest),2602.552773886331,Baltimore County
24005408703,0.6714549296077947,0.48459746883509774,0.2280916332142015,0.19570654533322326,10.590694698799515,1.1714410411101344,0.08069620253164557,0.018555811277330265,117443,≤ 10%,Low poverty,Q4 (highest),4597.767194964661,Baltimore County
24005408704,0.4560306311644442,0.32893938639878706,0.3317152147340022,0.327292133994374,11.142904782301107,0.49241329744187035,0.029676934635612322,0.019346356123215627,164077,≤ 10%,Low poverty,Q4 (highest),2512.9031386376987,Baltimore County
24005408800,5.498416130322922,3.290083053834961,1.4995680355426153,0.8972955654178194,7.655490503685408,1.0611818838156124,0.08303411131059246,0.02064631956912029,93466,≤ 10%,Low poverty,Q3,1964.3222642853082,Baltimore County
24005408900,0,0,0,0,11.31465691922697,0.855944064341105,0.03471971066907776,0.02857142857142857,157417,≤ 10%,Low poverty,Q4 (highest),839.5130711361188,Baltimore County
24005410100,0,0,0.4351667703713592,0.33110400706515614,11.004680970617898,0.573868613689313,0.022372100674453034,0.03043263694686626,168846,≤ 10%,Low poverty,Q4 (highest),168.06311583746884,Baltimore County
24005410200,0.07796548958089268,0.07771408661680282,0,0,10.382198213974183,0.7200068967129384,0.01792397084892653,0.05239314555840063,186071,≤ 10%,Low poverty,Q4 (highest),390.8050621640197,Baltimore County
24005411101,0,0,0,0,9.257810589210893,0.2706533848180388,0.06827309236947791,0.08329540282203005,121250,≤ 10%,Low poverty,Q4 (highest),273.8026921162042,Baltimore County
24005411102,0.22084633991042446,0.22104921996559532,0,0,9.894422746652793,1.0034020648676734,0.033344230140568816,0.04518469656992084,135938,≤ 10%,Low poverty,Q4 (highest),320.5615766723866,Baltimore County
24005411201,0,0,0.18385457122127374,0.19257517333146706,13.583278644195339,0.2988231799367034,0.03292723081988805,0.02304906157392163,149808,≤ 10%,Low poverty,Q4 (highest),213.39031874313113,Baltimore County
24005411202,0.4081859098249265,0.42873270792499313,0.20409295491246324,0.21436639866101276,12.948114992970833,0.2872752981548994,0.04691656590084643,0.029978064830611748,162050,≤ 10%,Low poverty,Q4 (highest),319.55310963482606,Baltimore County
24005411302,0,0,0.09441566445988038,0.09633579907751286,10.912231872248908,0.34396346107460013,0.2014081502026883,0.03015397775876818,169792,> 10% to ≤ 25%,Low poverty,Q4 (highest),662.5105607445013,Baltimore County
24005411303,0.49870141084377984,0.364029514298685,0.08388232165244038,0.08467681846276907,9.72507728226717,0.5107308591657406,0.16099965997959878,0.09333560013600815,104877,> 10% to ≤ 25%,Low poverty,Q3,4801.115578348714,Baltimore County
24005411306,0.29287019366417255,0.18778993114342393,0.2321747019689097,0.20267596240706662,9.71101724449398,0.46560467578274845,0.29585394983791163,0.08372093023255814,115037,> 25% to ≤ 50%,Low poverty,Q4 (highest),5703.850483176558,Baltimore County
24005411307,0,0,0,0,10.430776377546318,0.7368679502907487,0.38598863943738165,0.24749797132810386,79327,> 25% to ≤ 50%,High poverty,Q3,5323.791820701504,Baltimore County
24005411308,0.3828694290892156,0.3748491660941653,0.7260676210039739,0.5070049102815258,9.617637017912452,0.9713797477918298,0.2017603249830738,0.02098849018280298,143739,> 10% to ≤ 25%,Low poverty,Q4 (highest),2792.1392605460323,Baltimore County
24005411309,0.28258179706448316,0.1910996128778752,0.31869564583383114,0.21086001829296228,10.334278635664578,0.38032852431187575,0.10082398718242161,0.018070195760454072,119063,> 10% to ≤ 25%,Low poverty,Q4 (highest),2501.1985984376097,Baltimore County
24005411404,0,0,0,0,9.099242569524684,0.7731810165470597,0.10840033268644303,0.07291377876351539,116827,> 10% to ≤ 25%,Low poverty,Q4 (highest),2610.4927073425088,Baltimore County
24005411406,0.12991300739764405,0.13239478474608957,0.052970380444841855,0.05460190908044881,11.07269599686171,1.5539551112268701,0.05948762483716891,0.07695652173913044,123750,≤ 10%,Low poverty,Q4 (highest),2016.4911011936858,Baltimore County
24005411408,1.5722532972575196,1.2976981757642632,0.6486250286342746,0.2057086942406515,9.014759227585099,0.7826338318305834,0.24871663244353182,0.09557661927330174,77971,> 10% to ≤ 25%,Low poverty,Q3,6472.623341768417,Baltimore County
24005411409,2.155978790497304,1.1947891528490842,0.7343218131877539,0.6221773591460025,6.42405912704065,0.9394076830196482,0.22325485336637754,0.03609209707529558,116322,> 10% to ≤ 25%,Low poverty,Q4 (highest),4564.365457240108,Baltimore County
24005411410,0.518203705710249,0.4238700734469224,0,0,10.270452541637605,0.8491071695387776,0.15194830624632857,0.036891679748822605,111458,> 10% to ≤ 25%,Low poverty,Q4 (highest),6119.970941509168,Baltimore County
24005411411,0.15903198566106366,0.17511129634770947,0,0,9.073882010420558,0.2710749647446119,0.3209207853757617,0.19032921810699588,74864,> 25% to ≤ 50%,Low poverty,Q2,4742.200572845677,Baltimore County
24005411412,1.0457858867121672,0.9020727812818805,1.5686788300682508,1.3531094540658488,8.416693123442322,1.4296004806031486,0.3645320197044335,0.12192118226600986,64466,> 25% to ≤ 50%,Low poverty,Q2,13626.922841666019,Baltimore County
24005411413,0.6618421627979294,0.43938956630810916,0.6114959691639358,0.45038782313840364,10.350167469055009,0.4486932225609264,0.04925053533190578,0.04798818752307124,67467,≤ 10%,Low poverty,Q2,12770.460790179419,Baltimore County
24005420100,0,0,0.8517406967424909,0.41121391449284767,9.04936637760689,0.7986252182038567,0,0.08799012040753319,73798,≤ 10%,Low poverty,Q2,5112.850694981966,Baltimore County
24005420200,0,0,1.0055275487598965,0.7464656364639644,8.738775438133594,1.039989687312069,0.04028359651949726,0.09647979139504563,91148,≤ 10%,Low poverty,Q3,4626.067414928356,Baltimore County
24005420301,1.9812765893767446,0.9515861094102884,1.3208510595844962,0.6343908718865952,7.320851059584497,0.6344345683983915,0.09777227722772278,0.18358889349357646,64227,≤ 10%,Low poverty,Q2,11383.61307401914,Baltimore County
24005420302,2.796749673087425,1.3333752834932933,1.5188031772497672,0.6309587463122688,8.671899626601796,2.167293077534065,0.10687342833193629,0.21668063704945514,72028,> 10% to ≤ 25%,High poverty,Q2,11355.505229656525,Baltimore County
24005420303,0,0,1.775217751087362,1.4935927925982693,14.254833329619396,0.8969411053869645,0.11993243243243243,0.11148648648648649,93750,> 10% to ≤ 25%,Low poverty,Q3,3581.49283128168,Baltimore County
24005420401,3.5852570209409764,2.1519635987829115,3.170232043963561,0.5821123867696328,7.359001150875094,0.3031981998524275,0.38014108877944897,0.2966373098478783,44707,> 25% to ≤ 50%,High poverty,Q1 (lowest),20442.626558653923,Baltimore County
24005420402,0,0,0,0,5.5749024451024844,0.5373914694651347,0.20019020446980504,0.09082263433190679,65455,> 10% to ≤ 25%,Low poverty,Q2,8594.76741441123,Baltimore County
24005420500,0.14657859093976155,0.12360471758698355,1.1530727120572661,0.5333562537726475,10.483140917999624,2.229029102067641,0.14603890611784606,0.07391673746813934,84875,> 10% to ≤ 25%,Low poverty,Q3,10802.377422298314,Baltimore County
24005420600,0,0,0,0,NA,NA,0.23566362715298886,0.20974667239158437,66750,> 10% to ≤ 25%,High poverty,Q2,8203.950487169282,Baltimore County
24005420701,3.361715614131057,1.687220149973115,2.462613331099117,1.4752152956074578,5.373571969525344,2.581375481510328,0.1795539033457249,0.16319702602230482,42935,> 10% to ≤ 25%,Low poverty,Q1 (lowest),4017.2194561382366,Baltimore County
24005420702,0,0,0.17813288054901308,0.17306515561899982,7.58269172946546,2.0702784563215757,0.09219858156028368,0.17285339332583427,81053,≤ 10%,Low poverty,Q3,10793.731899681721,Baltimore County
24005420800,0.18856490984182506,0.17386377149889223,4.02298117686168,1.1057655770617956,8.789720830599663,0.9031554766676205,0.030849825378346914,0.04519940915805022,83931,≤ 10%,Low poverty,Q3,5004.35461237784,Baltimore County
24005420900,0.44057592346491714,0.46277877871424383,1.317429480129467,0.6437984494162012,10.040429640118143,0.8303862201264562,0.22082349855756622,0.2187254130605822,48534,> 10% to ≤ 25%,High poverty,Q1 (lowest),9543.205757837255,Baltimore County
24005421000,0.2882510153093294,0.38811163514319,0,0,1,0,0.09482758620689655,0.22252155172413793,25833,≤ 10%,High poverty,Q1 (lowest),12140.374559606822,Baltimore County
24005421101,0.770116416206831,0.669820359945956,0,0,7,0,0.24057024057024057,0.07276507276507277,69583,> 10% to ≤ 25%,Low poverty,Q2,12757.852289335357,Baltimore County
24005421102,0.35254302851854386,0.26279009071533316,2.6904696284927687,1.439890183003986,10.412107610804565,0.9151680885331064,0.05929609793420046,0.2169089517980107,66023,≤ 10%,High poverty,Q2,3174.5674772090633,Baltimore County
24005421200,0,0,0,0,10,0,0.05594785442694188,0.20601092896174864,64886,≤ 10%,High poverty,Q2,5276.27299767622,Baltimore County
24005430101,6.419292825509888,3.2640385366287124,4.988224078727521,0.4669061134594077,6.320387048947527,1.2511555027173549,0.456425702811245,0.19598393574297188,61061,> 25% to ≤ 50%,Low poverty,Q2,8801.968267400043,Baltimore County
24005430104,3.5563870484767235,2.51063511291506,4.230659445990799,0.8447205469895179,5.692104972622792,2.5335557147795655,0.06633601983880967,0.16274023558586484,73428,≤ 10%,Low poverty,Q2,5601.580914952228,Baltimore County
24005430200,0,0,1.81632097951977,0.46169174103322647,9,0,0.17145938173975558,0.09215757137694254,115221,> 10% to ≤ 25%,Low poverty,Q4 (highest),4336.847354529997,Baltimore County
24005430300,1.117265880517996,0.7756366520942026,2.502764987218277,0.8337820040266051,11.513409437102283,0.6863604634667069,0.18217510797016098,0.284452296819788,47910,> 10% to ≤ 25%,High poverty,Q1 (lowest),6182.864835404302,Baltimore County
24005430400,2.5601909856701464,1.0386459031722621,4.033791922245544,1.4935599396495884,9.56739481047613,0.34719626284255806,0.14767290126141802,0.1194225721784777,93487,> 10% to ≤ 25%,Low poverty,Q3,1653.8435121225,Baltimore County
24005430600,0.4534049460936815,0.27992639287597276,0,0,9.335744818579286,0.35783858584978734,0.04563492063492063,0.03650793650793651,116679,≤ 10%,Low poverty,Q4 (highest),1395.3838381614062,Baltimore County
24005430700,0.3461193689307369,0.2777975944642282,2.3041117565360687,1.3108167829186337,7.451050463514771,1.298012906479738,0.09568443663347002,0.12346169114728067,123444,≤ 10%,Low poverty,Q4 (highest),6009.911848653478,Baltimore County
24005430800,3.022894884837195,1.105188135798281,2.533533306007061,0.7733561087224387,10.31923362002627,0.8770539720797498,0.14222222222222222,0.09547511312217194,114038,> 10% to ≤ 25%,Low poverty,Q4 (highest),8552.820792807232,Baltimore County
24005430900,1.311186375570522,0.9477994075217304,1.5636747202300916,0.875380509757743,8.25221993439154,0.6770704075992268,0.28779472954230234,0.2486130374479889,60711,> 25% to ≤ 50%,High poverty,Q2,10272.23198291428,Baltimore County
24005440100,0.08651852958153565,0.08412209492371633,0.6184924254909521,0.3470927818669882,11.692827083742351,0.6923061689286284,0.16014476362813843,0.05383397421397874,111804,> 10% to ≤ 25%,Low poverty,Q4 (highest),5544.57608629334,Baltimore County
24005440200,0.12132638310130679,0.1173528665205914,0.08088425540292812,0.08154784699451931,8.87656839040248,1.2685370810789158,0.3032136105860113,0.08583364982909229,87986,> 25% to ≤ 50%,Low poverty,Q3,3646.81208094778,Baltimore County
24005440300,0,0,0.14159480987477086,0.17874566388635083,8.132062233924918,0.17446527692584396,0.23270440251572327,0.05853894533139816,94000,> 10% to ≤ 25%,Low poverty,Q3,4344.9649635545975,Baltimore County
24005440400,1.4252731150992457,0.871392375176405,1.0447505135065327,0.781223259715411,8.8948096452843,0.49261965257792883,0.37487144326362704,0.03265727053970437,90988,> 25% to ≤ 50%,Low poverty,Q3,5647.407906077302,Baltimore County
24005440500,0.6793187888198191,0.5245480191872958,0,0,8.999999999999998,1.2945127757069402e-15,0.23725544227059797,0.15868596881959912,87434,> 10% to ≤ 25%,Low poverty,Q3,3154.679022153752,Baltimore County
24005440600,0.21384165870830266,0.19485074907926353,1.0529691216564305,0.9632037299068797,10,0,0.27507163323782235,0.006958657388456815,148600,> 25% to ≤ 50%,Low poverty,Q4 (highest),1032.1434417805872,Baltimore County
24005440701,0.3902685966383414,0.23163462959563202,0.7111048643557106,0.4779941000507998,9.279848572745088,0.40393378325586454,0.6202848852545503,0.11238095238095239,101801,> 50% to ≤ 75%,Low poverty,Q3,5026.182247807077,Baltimore County
24005440702,2.4799164893592844,1.632453798862267,0.5858569781373141,0.3005985719265468,10.215329225115761,1.2561999120454022,0.4490632318501171,0.0466432474629196,71306,> 25% to ≤ 50%,Low poverty,Q2,4682.425356251208,Baltimore County
24005440800,5.955438026761478,2.127461715872648,1.4321118812415095,0.41301182690952076,9.723332945395729,0.3372054608671078,0.4484792054624457,0.0670391061452514,80701,> 25% to ≤ 50%,Low poverty,Q3,2842.1779226104763,Baltimore County
24005440900,1.1123657513137832,0.5541705640330068,2.027268298321968,0.6795874204705473,9.175442250451395,0.939135016972023,0.5913779423432954,0.07749272679185401,87308,> 50% to ≤ 75%,Low poverty,Q3,5083.767613899767,Baltimore County
24005441000,1.3899293129721206,1.349018738894959,4.580230878550614,1.0247521379229747,9.456466388219946,0.33429400076727844,0.8784949046250327,0.15129344133786254,69875,> 75% to ≤ 90%,Low poverty,Q2,7144.596205938618,Baltimore County
24005441101,3.0253576389146297,2.9844658850932793,3.092392708325611,0.8953399522194038,10,0,0.2872628726287263,0.07918552036199095,115250,> 25% to ≤ 50%,Low poverty,Q4 (highest),3747.1547432186057,Baltimore County
24005441102,2.495747090150587,0.9921527542431664,3.3801584551018524,1.015417986762274,10.171054845993499,1.3627846540997366,0.3498122653316646,0.09240717563621194,86339,> 25% to ≤ 50%,Low poverty,Q3,4790.4247359390965,Baltimore County
24005450100,4.737056426205845,2.2384215895133184,3.877698382321416,1.4598763055319863,6,0,0.09247688077980505,0.13494897959183674,83620,≤ 10%,Low poverty,Q3,1141.52142328225,Baltimore County
24005450200,1.062096993424777,0.9678206883031442,3.5412729912241554,0.825528832063503,8.354351478385427,1.4292658919183512,0.07620481927710844,0.14909638554216867,60741,≤ 10%,Low poverty,Q2,4202.333491513728,Baltimore County
24005450300,2.7495644057269044,1.1199766496322767,2.5817624809845974,0.7948030025500405,8.407495701955648,0.37927940793845905,0.18508371385083713,0.11506849315068493,64583,> 10% to ≤ 25%,Low poverty,Q2,3555.056521655562,Baltimore County
24005450400,0.7929096422945063,0.6715948598621596,0.5946822317208798,0.6215785726977526,7.484279264852004,0.4242589444825262,0.15240641711229946,0.09128978224455611,87639,> 10% to ≤ 25%,Low poverty,Q3,5669.60650994938,Baltimore County
24005450501,2.0401639052361342,1.8427937100192755,1.0721467506438884,0.633562125119505,9.219087840855588,0.8957312987808104,0.06936416184971098,0.05849722642460918,64054,≤ 10%,Low poverty,Q2,4266.636906859078,Baltimore County
24005450503,2.0223223293811023,1.4334351061229484,2.898274065553026,0.867629382553999,9.6621696940189,0.5056678882255732,0.6717886740331491,0.22220303867403315,63816,> 50% to ≤ 75%,High poverty,Q2,16175.922137551099,Baltimore County
24005450504,3.819339759033927,1.3035418936441938,4.882875682209335,0.8105557959359488,8.226652630946399,0.8823985628840011,0.6081685668927695,0.20457525863325077,41634,> 50% to ≤ 75%,High poverty,Q1 (lowest),15445.839675419238,Baltimore County
24005450800,0.6002635400561357,0.5600779011021281,1.0777895558682862,0.37542965230009007,8.427393012255768,1.5324461265896692,0.46321192862380833,0.10664033571957542,70903,> 25% to ≤ 50%,Low poverty,Q2,5107.292892640063,Baltimore County
24005450900,0.09914986690943596,0.10748761348440679,1.5167927130769119,1.0386196728519819,9.16205947136149,1.1191512423085603,0.16087158089939732,0.04040642722117202,116785,> 10% to ≤ 25%,Low poverty,Q4 (highest),2143.211391168208,Baltimore County
24005451000,0.1923431115882285,0.17820390834355893,0,0,6.803455028577322,0.6869294163058932,0.02785673678226265,0.08945868945868946,141136,≤ 10%,Low poverty,Q4 (highest),334.1273914574716,Baltimore County
24005451100,0.1843897889289202,0.18499780901079477,1.2731761482225608,0.9137391104559863,10,0,0.35066079295154184,0.0415929203539823,140060,> 25% to ≤ 50%,Low poverty,Q4 (highest),2213.3649416849253,Baltimore County
24005451200,0,0,1.478316268682005,0.7495366233675291,10.969450614268451,0.8608446723812535,0.1305061559507524,0.11792065663474692,77938,> 10% to ≤ 25%,Low poverty,Q3,1879.6802377357913,Baltimore County
24005451300,3.269499671768762,1.727490192789566,2.1297984372458747,1.0598471242201555,9.357818470023018,0.5375044352815366,0.2731577389760284,0.21395348837209302,60685,> 25% to ≤ 50%,High poverty,Q2,4096.710651363164,Baltimore County
24005451401,1.0868811585777285,0.9803264230642744,2,0,10.275412560948181,0.6535961012416996,0.5562302647558902,0.07238280301190186,94482,> 50% to ≤ 75%,Low poverty,Q3,15285.060658708044,Baltimore County
24005451402,3.068439450336668,0.9679961662408132,3.969841929952749,1.432450721329964,9.176545597459784,3.237134595628547,0.6214917339484813,0.3531334102268358,53735,> 50% to ≤ 75%,High poverty,Q1 (lowest),4814.39825049446,Baltimore County
24005451500,2.2517970655775996,0.9803512884980058,3.0732980269290624,1.0951960215408099,9.81483316090408,1.8688832466950582,0.39386689865158764,0.17746846454980425,79640,> 25% to ≤ 50%,Low poverty,Q3,14377.843056387273,Baltimore County
24005451600,0,0,0.17946764481659927,0.17441630958359847,10.324351167346306,0.2694646867945505,0.07649667405764966,0.08361204013377926,73542,≤ 10%,Low poverty,Q2,861.4733135926662,Baltimore County
24005451701,2.7848789658223456,2.04329448491013,1.3924394829111728,1.021647455483439,11.947350854040467,0.9857683869569954,0.389287282306454,0.02941606907654032,116973,> 25% to ≤ 50%,Low poverty,Q4 (highest),1093.9832613165627,Baltimore County
24005451702,0,0,0,0,11,0,0.041666666666666664,0.02153506350082827,121500,≤ 10%,Low poverty,Q4 (highest),675.4782417718175,Baltimore County
24005451801,1.1145998837670654,1.0139493368980352,1.7194317106906885,1.0404835764581868,9.244708777598701,0.8973206431661092,0.2910418310970797,0.1420678768745067,78950,> 25% to ≤ 50%,Low poverty,Q3,1246.900259828296,Baltimore County
24005451802,0,0,0.6558542738448702,0.26893905155742615,10.69062579430926,0.265721135372317,0.20639465521355285,0.07182056788356,70071,> 10% to ≤ 25%,Low poverty,Q2,991.9850529255986,Baltimore County
24005451803,1.8212935895691367,0.7735993512879648,0.6912966680696114,0.642743568205103,9.03169771774522,0.8639908875305536,0.334608843537415,0.14422871772989118,83083,> 25% to ≤ 50%,Low poverty,Q3,3326.5246947963014,Baltimore County
24005451900,0.04562096591679053,0.05063828697968914,0.20723069016661796,0.19588984006475135,7.467292807558991,0.4832831747159333,0.01761049723756906,0.015538674033149171,136579,≤ 10%,Low poverty,Q4 (highest),558.2805489166882,Baltimore County
24005452000,2.5962337960452775,1.820904737221308,0.43270563267421286,0.30348418615109074,11.105649305932085,2.2790097135286604,0.08180708180708181,0.04395604395604396,85650,≤ 10%,Low poverty,Q3,4050.3335280976116,Baltimore County
24005452100,3.027999585056679,1.9992922488300027,1.0242304397799122,0.9662908382346856,10.345085392143686,0.4632458039262376,0.012897678417884782,0.049011177987962166,103783,≤ 10%,Low poverty,Q3,3121.8009785696495,Baltimore County
24005452300,0,0,2,0,9,0,0.2998678996036988,0.33751651254953763,46687,> 25% to ≤ 50%,High poverty,Q1 (lowest),3312.0792484974722,Baltimore County
24005452400,0.40049274476433583,0.21983134849991176,0,0,10.940490301482637,1.0490320758015004,0.06293302540415704,0.09017106407654392,73750,≤ 10%,Low poverty,Q2,726.4907582892145,Baltimore County
24005452500,0.9628603752420266,0.83185415581856,0,0,10.091913693350994,1.1228805780528248,0.25757937455239915,0.20100262592504178,66310,> 25% to ≤ 50%,High poverty,Q2,7580.556847225657,Baltimore County
24005490100,0.37029897733039907,0.31195833672848877,0.14844643633909196,0.12060154017557335,10.745564205116843,0.5554540251244592,0.015373528705260629,0.027384098006245496,172250,≤ 10%,Low poverty,Q4 (highest),741.3919381709936,Baltimore County
24005490200,0,0,0,0,10.091196015488562,0.533275228324399,0.04504212572909916,0.0888671875,128047,≤ 10%,Low poverty,Q4 (highest),3566.860465105901,Baltimore County
24005490302,1.174408693067591,1.087267157294578,1.7688585295909849,1.0938475093676712,9.522592338133693,0.8211321069874636,0.2530541012216405,0.08651989185013519,108157,> 25% to ≤ 50%,Low poverty,Q3,3332.7477358752562,Baltimore County
24005490303,1.039942430803231,0.8325850472013092,0,0,9.174169475918642,1.0060416390469105,0.37846273897776045,0.27719821162444114,75392,> 25% to ≤ 50%,High poverty,Q2,5526.348460680331,Baltimore County
24005490304,0,0,0.9044914493124101,0.8866132060051325,8,0,0.2885292047853624,0.17358667604973024,73203,> 25% to ≤ 50%,Low poverty,Q2,13435.777460846708,Baltimore County
24005490400,0.2832378979202568,0.3057689326274514,0,0,9.070809474480063,0.07644751439836274,0.029177718832891247,0.07154650522839846,214330,≤ 10%,Low poverty,Q4 (highest),841.8646868015719,Baltimore County
24005490500,0.3025866583502555,0.20651573711061588,0,0,11.635168643856531,0.5875750773912407,0.03468997541655285,0.07635265037077726,200682,≤ 10%,Low poverty,Q4 (highest),1443.307770312747,Baltimore County
24005490601,0,0,0.1139555534190492,0.11424712476422097,10.444290970245772,0.7854808986553696,0.03365384615384615,0.042395104895104896,176184,≤ 10%,Low poverty,Q4 (highest),10722.259394360488,Baltimore County
24005490602,2.0101607147432925,1.7970681693354997,1.3075688684771285,0.9421870075212155,9.002252764770336,1.2404589431484934,0.07489417127971344,0.10582872028655162,132740,≤ 10%,Low poverty,Q4 (highest),10117.24357643659,Baltimore County
24005490603,0.07675221227312971,0.07700656386940163,0,0,11.95956233111247,0.7726173399240339,0.07826456826882178,0.08658379768538363,161250,≤ 10%,Low poverty,Q4 (highest),5699.986415279441,Baltimore County
24005490701,0,0,0,0,11.037991537401076,1.903550848464872,0.07424441524310119,0.05816733067729084,133125,≤ 10%,Low poverty,Q4 (highest),3016.0588221341995,Baltimore County
24005490703,0.0975843781390573,0.1005238985608421,0.8576274468279426,0.5414156657440753,8.356258259565807,1.4472509464918086,0.14092906465787822,0.07864108210128971,108654,> 10% to ≤ 25%,Low poverty,Q4 (highest),5383.399563545265,Baltimore County
24005490800,2.2624088766175134,1.8181565103558415,0.1924107539677716,0.17893818907580447,11.548227730513167,0.3154904117818773,0.06501182033096926,0.28375149342891276,101667,≤ 10%,High poverty,Q3,6019.61230060014,Baltimore County
24005490900,0.47589151637915283,0.321835249146953,0.9217395362070208,0.30883633121129245,7.36479122055726,0.671781032065788,0.24113338473400153,0.22850946372239747,51908,> 10% to ≤ 25%,High poverty,Q1 (lowest),8863.286623531592,Baltimore County
24005491000,0.06712478165529248,0.07571797867620843,0,0,9.663468890328344,0.5922935756895693,0.028083028083028084,0.00459866220735786,219028,≤ 10%,Low poverty,Q4 (highest),5123.255287613488,Baltimore County
24005491100,0.10940873516023958,0.10770891774852205,0.1653457170580559,0.1580084319287816,11.973645093046542,0.5586783351801903,0.08035965158752459,0.026411913458836752,116595,≤ 10%,Low poverty,Q4 (highest),8388.359825858422,Baltimore County
24005491201,1.7656822920362771,1.02751038624365,1.177121528024185,0.6850070669963833,6.057196179939537,1.7126356248131323,0.3232183908045977,0.07710390220968501,101029,> 25% to ≤ 50%,Low poverty,Q3,3317.8494146139774,Baltimore County
24005491202,0,0,1.8483593106434097,0.18369351845621276,7.680015474159829,0.5184457476934141,0.21212121212121213,0.09982174688057041,96016,> 10% to ≤ 25%,Low poverty,Q3,5714.796766428754,Baltimore County
24005491300,3.857191412587902,1.5752011862075839,0.6136256240329185,0.3948669779130342,6.615837555968476,1.9124613740675451,0.34608425949857846,0.10002584647195657,87702,> 25% to ≤ 50%,Low poverty,Q3,5236.318188207568,Baltimore County
24005491401,0,0,2.598645559238636,1.040587311741298,6.454170166437569,3.0106877586270673,0.7517070142768467,0.06690361697679281,65602,> 75% to ≤ 90%,Low poverty,Q2,10391.64512002258,Baltimore County
24005491402,1.6002498945880843,1.5500153722363101,1.8097475675867087,0.7277311288181202,9.444800444048127,0.35497496315199656,0.7413907284768212,0.04883879781420765,78789,> 50% to ≤ 75%,Low poverty,Q3,8793.171831771268,Baltimore County
24005491500,0,0,2.6377661567039388,1.0205436246209136,9.149458020384493,0.41633991217744754,0.33620689655172414,0.13244514106583072,85029,> 25% to ≤ 50%,Low poverty,Q3,8784.902513864756,Baltimore County
24005491600,2.03081527740774,0.8391252687175157,0.7738350016334408,0.4839627261799296,7.567584712087949,1.2281773945400098,0.440194489465154,0.19827288428324696,39306,> 25% to ≤ 50%,Low poverty,Q1 (lowest),9131.004613434843,Baltimore County
24005491701,1.3865542339717294,1.0941476402813606,1.9064157183616703,0.7060976498799703,9.355051718668157,0.8833282075004191,0.15446197315752297,0.11497515968772179,103958,> 10% to ≤ 25%,Low poverty,Q3,3681.20843409541,Baltimore County
24005491900,0,0,0,0,10,0,0.05873261205564142,0.1397288842544317,84750,≤ 10%,Low poverty,Q3,3479.8654256688847,Baltimore County
24005492001,5.341342952746404,1.5507241348801382,4.578293959496917,1.3291923927675195,7.1294982990164355,0.15945261485691117,0.33387888707037644,0.10773026315789473,75966,> 25% to ≤ 50%,Low poverty,Q2,3182.3697159766766,Baltimore County
24005492002,0.8089348079824903,0.6198867141338984,0.5243984696070585,0.2887400906929485,9.123771687802112,0.8370658893505324,0.24623628476652207,0.08241617609418991,84032,> 10% to ≤ 25%,Low poverty,Q3,6492.319020398347,Baltimore County
24005492101,0.9836540045967322,0.971815929552517,4.518897907838071,1.0922727291156606,9.176021439302161,0.634085450123045,0.2593688362919132,0.04950495049504951,81188,> 25% to ≤ 50%,Low poverty,Q3,7333.829000518011,Baltimore County
24005492102,0,0,2.0261145485614125,1.6209964694826673,8.350948881180816,1.8210971597662529,0.19676674364896074,0.07659372026641294,90432,> 10% to ≤ 25%,Low poverty,Q3,5937.854701986053,Baltimore County
24005492200,1.8158585332712105,1.047846611665493,0.932422826254314,0.6118454696639716,9.795683754102503,0.9805001658178462,0.4305806710870002,0.12316656620454089,88528,> 25% to ≤ 50%,Low poverty,Q3,4445.061029383113,Baltimore County
24005492300,5.042172478552202,2.3672139318300482,3.7816293589141523,1.775410819071549,9.473309548125549,0.5488041801614586,0.27976011994002997,0.08575712143928035,65898,> 25% to ≤ 50%,Low poverty,Q2,7118.125157091211,Baltimore County
24005492401,0.8335562164015048,0.8045767959005097,1.1528653783585823,0.5036973878118117,8.8546687201789709,0.07316372334343497,0.785068397866914,0.04127057732436819,112607,> 75% to ≤ 90%,Low poverty,Q4 (highest),6980.855419299966,Baltimore County
24005492402,0.9669742420405316,0.6291182190439439,0.6966300633097413,0.46793242090524784,9.141849672636376,0.5130552912701419,0.7586555106751298,0.0930467397576457,97243,> 75% to ≤ 90%,Low poverty,Q3,5658.611962139757,Baltimore County
24005492600,0.43338371771190576,0.29657949723324317,0,0,11.396705427843566,0.3270916049156054,0.2593444508338125,0.06511627906976744,72180,> 25% to ≤ 50%,Low poverty,Q2,2152.780964284733,Baltimore County
24005492700,0.4026072781515461,0.3940075862829358,0.8341616945079341,0.6050270822182762,4.604252125024136,2.484520852990201,0.6435001800504141,0.1681670867842996,48034,> 50% to ≤ 75%,Low poverty,Q1 (lowest),500.49341503340287,Baltimore County
24510010100,1.0659271935763657,0.4531488655196864,0.003410279116902428,0.003499187666094141,9.593632790567122,0.5944514873075296,0.07206208425720621,0.046621888581588306,151213,≤ 10%,Low poverty,Q4 (highest),17824.37227045916,Baltimore City
24510010200,0.9782042828301133,0.3502088566211192,0.6344914142755372,0.35982689650789834,9.778596880036478,0.45415670199217334,0.052142857142857144,0.06321428571428571,154545,≤ 10%,Low poverty,Q4 (highest),20418.584038404686,Baltimore City
24510010300,1.2511733743384652,0.9602357568254511,0,0,11.216439700939755,0.5786928764894085,0.006423982869379015,0.033190578158458245,161717,≤ 10%,Low poverty,Q4 (highest),7179.4326077375445,Baltimore City
24510010400,0.7874027833550923,0.5804364489609499,0.7781212198459719,0.35416963653424116,9.995325201804336,0.39901490242324567,0.09295570079883805,0.032679738562091505,150677,≤ 10%,Low poverty,Q4 (highest),19084.79320604478,Baltimore City
24510010500,1.6901905841678846,1.0885469159261167,0,0,11.140266440569112,0.7355126491613418,0.10965909090909091,0.11244292237442922,101810,> 10% to ≤ 25%,Low poverty,Q3,29362.862608942112,Baltimore City
24510020100,1.5055723765912277,0.7232973367798551,1.339996724904614,0.5292922911772775,8.824899243820125,1.192314063753002,0.11938601478112564,0.11540648095508811,116516,> 10% to ≤ 25%,Low poverty,Q4 (highest),26102.28773433561,Baltimore City
24510020200,0.35006426718224476,0.17190576268246513,0.3273078475417814,0.16244473550494642,10.755243237685507,0.5190897333495222,0.18452380952380953,0.23082010582010581,63533,> 10% to ≤ 25%,High poverty,Q2,19822.23971573049,Baltimore City
24510020300,1.2200387193752806,0.4111339416773482,0.12070135703215258,0.08061837161168045,9.038428948099112,0.17992726642176848,0.12817497648165568,0.08607714016933207,103263,> 10% to ≤ 25%,Low poverty,Q3,16616.014219067794,Baltimore City
24510030100,6.907315571856106,2.4917948737480806,3.5144493387045626,1.2768556419689336,8.799163927677341,0.41207008700045866,0.7556732223903178,0.5,57200,> 75% to ≤ 90%,High poverty,Q2,8010.640731633706,Baltimore City
24510030200,2.112149936303878,0.6856601321733593,1.3649774632649057,0.56777020003414,9.515438443750556,0.5033599267382873,0.18833430063842135,0.21411969785008717,107048,> 10% to ≤ 25%,High poverty,Q3,17637.280051221653,Baltimore City
24510040100,2.6554362326142527,0.5961852757225495,1.1798468598935878,0.42328699140340414,7.32029264589698,0.7350474788022191,0.4803507123845311,0.17833098481290122,63495,> 25% to ≤ 50%,Low poverty,Q2,13905.727434431741,Baltimore City
24510040200,2.3504962564231136,0.8438685713233954,0.9577713878453379,0.6128993707941848,7.144002569354452,1.1191367559481413,0.6143704680290046,0.30637813211845105,43361,> 50% to ≤ 75%,High poverty,Q1 (lowest),9017.741178522738,Baltimore City
24510060100,1.0743712314692646,0.3965574140951076,0.6158007028508042,0.36886003310358756,10.225499964764188,0.728429835419348,0.4910229645093946,0.17118997912317327,66265,> 25% to ≤ 50%,Low poverty,Q2,25984.6147981518,Baltimore City
24510060200,4.878022100948619,2.470587778242917,1.233539439034598,0.8809462213651094,7.8799814222197515,2.0601459146445666,0.4510564898663217,0.08369283865401209,62643,> 25% to ≤ 50%,Low poverty,Q2,23303.711843560246,Baltimore City
24510060300,2.4280877117511466,1.5401459115650011,2.2889981834933653,1.5703249366610859,10.357356245505892,1.0163175674121727,0.234375,0.1467425679949399,102750,> 10% to ≤ 25%,Low poverty,Q3,22147.178947255907,Baltimore City
24510060400,1.1270667903768399,0.6819319883622144,0.786209981839101,0.5634430264269474,7.678290158181015,0.6179682071039105,0.40601120733571067,0.27075812274368233,46707,> 25% to ≤ 50%,High poverty,Q1 (lowest),11820.050366285464,Baltimore City
24510070100,3.6176704521959717,1.427594612444548,2.484193634526244,0.660755603130635,9.458652160590603,0.3512026701294791,0.955255382017729,0.2988602785985648,59727,> 90%,High poverty,Q2,21111.36884191113,Baltimore City
24510070200,2.1054285715604393,1.5007671803143403,2.2100977439105343,0.45016694808343927,5.024904681962993,1.8404203927598037,0.5869158878504673,0.3353127474267617,45701,> 50% to ≤ 75%,High poverty,Q1 (lowest),22266.8463256681,Baltimore City
24510070400,2.7711346544985807,1.4996606935765906,2.5095535072674595,0.9681011918716615,5.75862317970642,0.39582715648219313,0.7075987841945289,0.33397435897435895,26989,> 50% to ≤ 75%,High poverty,Q1 (lowest),13029.582830003457,Baltimore City
24510080101,0.37127391268885707,0.3074491173015166,0.37098753990946093,0.3649400881356732,10.828619744733542,0.8634027975702535,0.6218553459119497,0.0770440251572327,77321,> 50% to ≤ 75%,Low poverty,Q3,4252.839218710197,Baltimore City
24510080102,8.07070013728182,2.696623844309706,4.7386486693895655,1.131364787600258,NA,NA,0.9693576900412493,0.3142688679245283,48799,> 90%,High poverty,Q1 (lowest),12020.823164211108,Baltimore City
24510080200,5.386025958445011,1.761977349442903,2.5513073696077,0.9260537463746926,5.401870424538677,1.9891312144675564,0.7697784810126582,0.46044303797468356,54766,> 75% to ≤ 90%,High poverty,Q2,3823.27125619549,Baltimore City
24510080301,5.583164980397137,0.8776186513220917,3.723821563023652,1.2598233741290918,6.070864143866929,1.6771362269982026,0.9129287598944591,0.24973600844772967,45509,> 90%,High poverty,Q1 (lowest),18272.08147188468,Baltimore City
24510080302,1.055287095968478,0.7754710795452063,2.8312158290952145,1.2736060238073372,6.593150383925394,0.3542074998992741,1,0.3110112359550562,39167,> 90%,High poverty,Q1 (lowest),13111.013962546613,Baltimore City
24510080400,0,0,0,0,NA,NA,0.9143920595533499,0.20719602977667495,35955,> 90%,High poverty,Q1 (lowest),8317.649209486166,Baltimore City
24510080500,0,0,0,0,NA,NA,0.9105638366817888,0.5191186001296176,27140,> 90%,High poverty,Q1 (lowest),11471.374273773165,Baltimore City
24510080600,2.5215474939228715,1.2166420174955879,1.8050270647078686,1.0190758162600126,6.958629901732769,1.1946448003555583,0.9250909090909091,0.2290909090909091,54167,> 90%,High poverty,Q1 (lowest),10585.802993912299,Baltimore City
24510080700,0,0,0,0,8.073107642046553,0.09584954064372264,0.826171875,0.390625,55500,> 75% to ≤ 90%,High poverty,Q2,8877.30359222911,Baltimore City
24510080800,2.281435784087117,1.0964790943218878,1.74902189279699,1.0439544404454222,5.764733410190406,1.6969215707957641,0.9022332506203474,0.2960325534079349,69250,> 90%,High poverty,Q2,15937.48723492622,Baltimore City
24510090100,3.752703778384541,0.9780361807043151,2.6500817000821812,0.7637770775240457,9.217136361396859,1.0557067000588274,0.8723110865968009,0.1395477109762824,69029,> 75% to ≤ 90%,Low poverty,Q2,14275.198917727532,Baltimore City
24510090200,1.228137292338328,0.7656458282177866,0.8536551272046085,0.42211372855131796,10.872627324954705,0.5601705302219464,0.6835323695788812,0.11948470209339775,89185,> 50% to ≤ 75%,Low poverty,Q3,4740.629041174058,Baltimore City
24510090300,4.25458348057546,0.8445484942073814,2.6648292970864627,0.874810528171839,10.122879577202768,0.5754140982197069,0.773120728929385,0.2578285714285714,72701,> 75% to ≤ 90%,High poverty,Q2,14334.022069511524,Baltimore City
24510090400,3.4304735788579697,0.9516530110619954,3.162829448084716,0.9302702986813419,7.341086691536891,0.7403496123281348,0.7455954897815363,0.29664723032069973,39129,> 50% to ≤ 75%,High poverty,Q1 (lowest),10433.775187372246,Baltimore City
24510090500,3.777258383055427,3.0518929771824395,4.954675247165871,0.7685765399019793,11.550631601916654,2.0032639246210335,0.7846265409717187,0.11457577955039884,68569,> 75% to ≤ 90%,Low poverty,Q2,4816.096996338972,Baltimore City
24510090600,2.045421279210592,2.0476674037849745,1.7532182393233648,1.755143854931605,10,0,0.9116533445519562,0.265988987717069,52128,> 90%,High poverty,Q1 (lowest),15496.769139376242,Baltimore City
24510090700,4.1846735930163534,1.7688280906769251,3.486766863315147,0.6447115276295252,5.897003030209069,1.5442279308563023,0.9406392694063926,0.356544901065449,44353,> 90%,High poverty,Q1 (lowest),15644.150904886896,Baltimore City
24510090800,6.279864657056743,1.3637652789156476,1.6021129764658308,0.336559594188685,6.711893479673768,1.7425232634837633,0.8572933122696156,0.26324237560192615,46797,> 75% to ≤ 90%,High poverty,Q1 (lowest),5813.318533665069,Baltimore City
24510090900,2.710136364085887,1.2298674536925929,3.303649963342074,0.9111533880042623,9.397982097412008,0.7194333244846455,1,0.2072310405643739,43769,> 90%,High poverty,Q1 (lowest),8552.046378904703,Baltimore City
24510100100,3.2801873060201343,2.6392840958556403,4.601133402135719,1.1042070261008554,5.244469721650077,2.6836142051663776,0.9515669515669516,0.34236804564907275,21098,> 90%,High poverty,Q1 (lowest),8012.955152839968,Baltimore City
24510100200,1.8453550141538497,0.6891702936302488,2.779299240273184,0.6636413588921722,7.1323047227194145,1.812950904770783,0.953862660944206,0.47782002534854245,24360,> 90%,High poverty,Q1 (lowest),23766.97270686464,Baltimore City
24510110100,1.0943958965741407,0.43350489761612654,0.7099611404947532,0.3496816405446966,9.801276285380384,0.2982642449286179,0.20485058466868775,0.22823733217843223,50345,> 10% to ≤ 25%,High poverty,Q1 (lowest),19050.277910684534,Baltimore City
24510110200,2.069257178657713,0.4096242878952553,1.3945626964650255,0.29933193057827284,8.640563499832657,0.3680824918013351,0.32234559333795976,0.17985232067510548,72296,> 25% to ≤ 50%,Low poverty,Q2,20732.219600262193,Baltimore City
24510120100,2.1767226780507682,0.6371388566502525,0.4406381085783125,0.2696903273895457,9.418729479953704,0.3176528341444624,0.16699801192842942,0.09368787276341949,102636,> 10% to ≤ 25%,Low poverty,Q3,10058.72032289478,Baltimore City
24510120201,1.3950124228769525,0.6217577563873833,0.32680029186528653,0.23732101155470064,9.325305246842362,0.4626345983412725,0.17014270032930845,0.15605976757055895,103750,> 10% to ≤ 25%,Low poverty,Q3,13559.445250272973,Baltimore City
24510120202,2.560239113906297,0.6868658862181081,0.9151239390721728,0.36393027364429215,9.312258693994004,0.6343739132159778,0.18006103763987794,0.37293046357615894,33969,> 10% to ≤ 25%,High poverty,Q1 (lowest),12965.847234755965,Baltimore City
24510120300,2.601223992628797,1.0270734220972748,2.2526527280360686,0.8703402395621158,8.908759386298128,0.7096253992330573,0.4243565599497803,0.24168236032642812,59583,> 25% to ≤ 50%,High poverty,Q2,20427.785386624415,Baltimore City
24510120400,1.5818642255333126,1.0020468638066988,0,0,10.20867889181378,0.6721797056872628,0.7001441614608361,0.12830370014416145,60313,> 50% to ≤ 75%,Low poverty,Q2,19178.952150164576,Baltimore City
24510120500,1.2568979718169073,0.5838564124662099,1.238500399999814,0.528284502816943,9.258655960201583,0.46628824732138846,0.5188146754468486,0.12367661212704524,61338,> 50% to ≤ 75%,Low poverty,Q2,10300.783061735694,Baltimore City
24510120600,1.7449521583948222,0.7409147412134115,0.7743844195307684,0.39156311319161746,10.307228016795555,1.0759926625157008,0.5268056589724497,0.4028892455858748,22872,> 50% to ≤ 75%,High poverty,Q1 (lowest),13776.55919693762,Baltimore City
24510120700,3.099850297027411,0.8516895283332161,1.135942341475064,0.5416311456923537,9.165273319547875,0.8570656895735899,0.18034398034398033,0.142014742014742,74349,> 10% to ≤ 25%,Low poverty,Q2,5095.212692630799,Baltimore City
24510130100,5.877287472840732,1.2341659803216223,4.292904634633654,0.6058903905821635,7.295581915308077,1.111369872812449,0.9052699644358229,0.3322538860103627,34006,> 90%,High poverty,Q1 (lowest),25735.79661517901,Baltimore City
24510130200,1.9572700189757422,0.5797895944880472,2.367771526906683,1.2773736554092772,7.599037003364163,1.2947610178697389,0.6999012833168805,0.08942687747035573,59194,> 50% to ≤ 75%,Low poverty,Q2,14880.80949909677,Baltimore City
24510130300,2.0899712240182913,1.2745133732501306,2.078155478549817,1.078834977806333,8.843139178214205,0.6898399563939914,0.8971492453884852,0.37003912800447175,48047,> 75% to ≤ 90%,High poverty,Q1 (lowest),12880.426018330363,Baltimore City
24510130400,4.407008595538017,2.768276214151558,2.809099811887532,1.6189500008321114,6.176739526830938,1.053954981895884,0.9151113786875377,0.2814948764315853,41563,> 90%,High poverty,Q1 (lowest),1654.8094505586655,Baltimore City
24510130600,0.3702844199903901,0.19354709898048,0.706556829429587,0.4789219040811254,9.972248777264554,0.5651939474711987,0.06761363636363636,0.05951359084406295,111250,≤ 10%,Low poverty,Q4 (highest),10453.498936505663,Baltimore City
24510130700,0.30194485860070697,0.14857548027069956,0.6259339887607416,0.2502225732363462,10.336582413013238,0.5685481190959206,0.11453950444132772,0.1295437911685777,87000,> 10% to ≤ 25%,Low poverty,Q3,10417.587216042379,Baltimore City
24510130803,1.2660983604602862,0.6755717564774841,1.1931818481189103,0.5429779898156583,10.113998101827724,0.7573319275927496,0.11936662606577345,0.05805927730410069,81283,> 10% to ≤ 25%,Low poverty,Q3,9197.58357015256,Baltimore City
24510130804,0.19651298793493033,0.14757161299401744,0,0,9.88363924772431,0.2265049120343784,0.13114754098360656,0.14950819672131146,71250,> 10% to ≤ 25%,Low poverty,Q2,5352.0995205819145,Baltimore City
24510130805,2.312966877802582,0.9303972357191559,2.0354716744693397,0.7910110976745015,11.163481077768635,0.6525481358015491,0.7452681388012619,0.14195583596214512,64537,> 50% to ≤ 75%,Low poverty,Q2,2011.9184500635595,Baltimore City
24510130806,1.5931388246943905,0.8766052044794247,0.5402683789490613,0.5115284185331631,10.147871515085923,0.7724833512634558,0.10180012414649287,0.12743125419181758,115100,> 10% to ≤ 25%,Low poverty,Q4 (highest),2966.6177035622413,Baltimore City
24510140100,0.992757209937583,0.33408713606475904,0.4652132555372152,0.32244206554788263,10.140851044049805,0.5034375415207755,0.3411708253358925,0.2134433962264151,66503,> 25% to ≤ 50%,High poverty,Q2,19040.06586638352,Baltimore City
24510140200,3.6851753128328677,1.626724579991501,2.7079448181523107,1.3811619361752323,8.170153669092963,0.2811953915984323,0.8151447661469933,0.3487018800358102,41393,> 75% to ≤ 90%,High poverty,Q1 (lowest),14711.782434993384,Baltimore City
24510140300,3.049962166913402,1.452996522761116,3.2683618287900646,1.0672300940277257,8.281031224601255,0.2135581835326722,0.9071545603495358,0.3839432004369197,46000,> 90%,High poverty,Q1 (lowest),12182.089148740502,Baltimore City
24510150100,3.279453570017491,2.035961405611358,2.8721235984483875,0.6117318338856622,0,0,0.9700722394220846,0.39989680082559337,38088,> 90%,High poverty,Q1 (lowest),13589.995110262762,Baltimore City
24510150200,2.2213506328960486,1.508415028610619,2.9410065951565407,1.1535893091939342,6.275813525686948,3.4833350473011295,0.9916003536693192,0.24324324324324326,48986,> 90%,High poverty,Q1 (lowest),13938.083577785867,Baltimore City
24510150300,6.4306624461742,1.0365377527547075,5.546997833789196,0.4242445117783707,5.659821433363672,0.6962965916663071,0.9704499664204164,0.44392209536601746,30990,> 90%,High poverty,Q1 (lowest),9661.253277417447,Baltimore City
24510150400,1.747051226293509,0.6591288197060463,2.3012286281706533,0.7217148069348026,8.159556950200852,1.031660529325354,0.9148337595907928,0.31343722434578064,38918,> 90%,High poverty,Q1 (lowest),12416.856713010362,Baltimore City
24510150500,3.285094525378664,1.1896456892985428,2.9808426927212817,1.3000472687298963,8.392330467166195,0.37064243259807156,0.962253829321663,0.38840262582056895,42875,> 90%,High poverty,Q1 (lowest),4929.458133166745,Baltimore City
24510150600,0.1389678909347133,0.13879405061064026,0.36157722010491883,0.26868196437512437,10,0,0.9831593128999663,0.2719565954560868,38400,> 90%,High poverty,Q1 (lowest),8018.1373693348005,Baltimore City
24510150701,8.026866705975642,1.4087922222223013,4.718966687365512,1.1095950775889547,9.250130875662794,0.5957109611795292,0.9685649202733485,0.25649202733485194,56318,> 90%,High poverty,Q2,6625.801310702752,Baltimore City
24510150702,1.6132710028293356,0.9826572680245729,1.5265983352735315,0.5803522595434597,9.440669677487252,0.8261529352431817,0.9921304103428893,0.35091743119266056,41447,> 90%,High poverty,Q1 (lowest),11768.493105060035,Baltimore City
24510150800,1.561797318540501,1.0533432062176153,1.303211250004831,1.0694857294412223,9.697156518006292,0.7712418386302351,0.9751881228391296,0.211313793810207,64914,> 90%,High poverty,Q2,11688.86438867146,Baltimore City
24510150900,4.436702704262891,1.8482041844990855,3.7206374415881114,0.865898914750155,7.00507911187025,1.632319275432004,0.8047120418848167,0.437696335078534,NA,> 75% to ≤ 90%,High poverty,NA,6757.33644776833,Baltimore City
24510151000,4.863241496357568,0.6833300892088241,4.22163533881593,0.5748805335940819,7.530082062792188,1.002487059804074,0.9061306167000182,0.23617619493908154,56369,> 90%,High poverty,Q2,9593.718121655596,Baltimore City
24510151100,2.471275885313406,1.0949114687139732,2.5056653333179475,0.8534037925135466,8.105978149663082,0.609921276472422,0.8894319905612675,0.17403035413153456,65855,> 75% to ≤ 90%,Low poverty,Q2,9045.443138686132,Baltimore City
24510151200,3.091328386399834,1.709033522040105,4.513247703128073,0.7021700150906582,8.066941930748074,0.9688719645045746,0.9887054735013032,0.20764552562988706,40179,> 90%,High poverty,Q1 (lowest),11470.177485013352,Baltimore City
24510151300,0.7968655647935694,0.5084165627023347,3.869492333528646,0.6992180647856101,7.83291452775023,0.5787452865556248,0.9019704433497537,0.23346495557749258,49591,> 90%,High poverty,Q1 (lowest),11338.699613753064,Baltimore City
24510160100,0.9599048331964974,0.660260866607768,2.2134206805404433,0.9500054993932188,6.668857819996634,1.212647563885388,0.9598893499308437,0.3434762563393269,18750,> 90%,High poverty,Q1 (lowest),14681.420273416981,Baltimore City
24510160200,5.464190108359071,0.8853851021348965,4.151284202737739,0.5857722824189361,7.708902898501709,0.2877073141087255,0.8891982182628062,0.16982182628062362,40990,> 75% to ≤ 90%,Low poverty,Q1 (lowest),12435.221531913983,Baltimore City
24510160300,0,0,4.7060629484494525,0.35463976765710953,9,0,0.9213759213759214,0.4139072847682119,18693,> 90%,High poverty,Q1 (lowest),16530.43404488876,Baltimore City
24510160400,0.778710602518535,0.2437275642531191,4.67226361511121,1.462365690443259,9,0,0.9804186360567184,0.2687373396353815,34089,> 90%,High poverty,Q1 (lowest),9845.840881147278,Baltimore City
24510160500,1.5217429273020742,0.6777553390749882,1.9040631061543507,0.8332667910189522,10.286560549721832,1.4134368321448714,0.950713800135962,0.3174711080897349,37396,> 90%,High poverty,Q1 (lowest),7269.930194882637,Baltimore City
24510160600,3.859567789270838,1.1173349632559615,4.209280269072879,0.8709024192334001,4.838203672881689,1.4455539467233451,0.922962962962963,0.20634328358208956,40729,> 90%,High poverty,Q1 (lowest),12568.170193187312,Baltimore City
24510160700,1.8656847117715183,0.8923455201731139,2.229438879448128,0.88862070299417,8.540510128201557,0.5566362653143138,0.9678204434829638,0.2533802055164954,35565,> 90%,High poverty,Q1 (lowest),10040.91272336522,Baltimore City
24510160801,5.63875047935375,2.6476530008082717,4.473442310853213,1.1659197925694582,9.167519461440323,0.8681648162115211,0.9958020989505247,0.1934032983508246,74396,> 90%,Low poverty,Q2,22164.597090604897,Baltimore City
24510160802,2.55974773365001,1.2364840764963918,2.9198108852412115,0.7143203270262463,7.42452371092558,0.8093732182846607,0.9859906604402935,0.356399059455828,52122,> 90%,High poverty,Q1 (lowest),6330.398107920596,Baltimore City
24510170100,0.5430163210210294,0.20354346182145353,2.280724099188422,1.029487471550927,8.41214115483858,0.2264882701067798,0.820403825717322,0.2979177789642285,43093,> 75% to ≤ 90%,High poverty,Q1 (lowest),17276.378450414686,Baltimore City
24510170200,5.797316845898039,1.9383149990305306,4.391869795391367,0.834044792494315,4.021278052822687,0.40549427612294503,0.9130252100840336,0.607563025210084,12484,> 90%,High poverty,Q1 (lowest),12477.928284271851,Baltimore City
24510170300,2.276833582039028,1.3410840785283715,2.2415943542187646,0.5863699912885472,7.460493079076987,0.8672279209199371,0.9818181818181818,0.28316831683168314,23896,> 90%,High poverty,Q1 (lowest),17233.897308626714,Baltimore City
24510180300,1.6515666456803393,1.1663103235901993,2.38941451023687,1.0803589580016,8.11076125013488,0.7959181263342678,0.7496021220159151,0.25251989389920426,67895,> 50% to ≤ 75%,High poverty,Q2,16860.328771286386,Baltimore City
24510190100,4.2721336818978894,1.2100370443467359,3.2955774459774596,0.7631898824924489,6.594250832339512,1.114869925338935,0.9262516914749662,0.42692828146143436,26964,> 90%,High poverty,Q1 (lowest),9991.470880413022,Baltimore City
24510190200,0,0,0.6285040408047768,0.2866094665366027,7.783632909578477,1.7453462954676942,0.7492844876931883,0.10360618202633086,73214,> 50% to ≤ 75%,Low poverty,Q2,17003.47244884538,Baltimore City
24510190300,3.8319490279155723,1.3345955310001696,3.336951078103615,0.8582048627917274,7.226364813892841,0.3612484580374068,0.7839965019676433,0.14749000444247,53654,> 75% to ≤ 90%,Low poverty,Q1 (lowest),16783.26959813447,Baltimore City
24510200100,5.212659105317831,0.7092177644085425,2.75186754289185,1.7654037093394688,4.85265960189503,1.0022235881015675,0.9659735349716446,0.14718888186986734,88125,> 90%,Low poverty,Q3,15516.462650056625,Baltimore City
24510200200,5.122317880631035,1.3740018810560728,4.887580623669471,0.9860929814836554,6.906444886973297,0.5434031971607104,0.9167132476243711,0.3890441587479039,28203,> 90%,High poverty,Q1 (lowest),4999.167647046131,Baltimore City
24510200300,4.397033971374375,0.7499816115289822,2,0,NA,NA,0.7243928194297783,0.30623020063357975,52409,> 50% to ≤ 75%,High poverty,Q1 (lowest),10045.949768584886,Baltimore City
24510200400,3.62027221071569,1.6685939598881752,4.382797706726626,0.8222888633409887,3.638181787605315,1.3523319516270753,0.9229898074745186,0.24122310305775765,40219,> 90%,High poverty,Q1 (lowest),5895.653596489871,Baltimore City
24510200500,2.6089977045775745,1.9019466629537485,2.6677486702939497,1.4204716456823445,8,0,0.608538785327721,0.35898977751052313,47738,> 50% to ≤ 75%,High poverty,Q1 (lowest),6595.255079103555,Baltimore City
24510200600,4.1685358759647055,2.1612337395463848,1.7830080156677883,1.1884765168918565,10.106171967859394,0.5030024168181079,0.8239247311827957,0.18670886075949367,49266,> 75% to ≤ 90%,Low poverty,Q1 (lowest),3264.7313183840497,Baltimore City
24510200701,4.075105506096639,1.1086346033865881,2.1542997628245475,0.6003514685352945,9.536091732660697,1.0674134884377526,0.890450054884742,0.15127528583992964,46023,> 75% to ≤ 90%,Low poverty,Q1 (lowest),9801.081630296349,Baltimore City
24510200702,3.6165393030030417,1.6257750213421822,4.749390442561081,1.0365356302280129,7.550123685171902,0.4932049685609521,0.9217391304347826,0.1841897233201581,50901,> 90%,Low poverty,Q1 (lowest),11369.411981080679,Baltimore City
24510200800,0.9468430534396796,0.8470069393256698,2.2436604554320265,0.7685688222907504,6.627665684375882,1.2513516645634761,0.7827733080927591,0.26539379474940333,50579,> 75% to ≤ 90%,High poverty,Q1 (lowest),5127.742432504859,Baltimore City
24510210100,0.6447428817312273,0.4708566226463978,0.232364402631361,0.21976692803224163,10.066175895471897,0.12183320429331479,0.5701248799231509,0.21565802113352545,83934,> 50% to ≤ 75%,High poverty,Q3,4185.814822491064,Baltimore City
24510210200,1.3296022135844519,0.7478910944399063,1.6882811398292643,0.434262321681929,7.645890738011692,0.994455625785955,0.5690556751768686,0.17866161616161616,63777,> 50% to ≤ 75%,Low poverty,Q2,3527.516341057654,Baltimore City
24510220100,2.0490409197272124,0.9653764245830737,1.1106686379782658,0.594724540385249,9.606864978166444,0.8477149948849645,0.16146572104018914,0.15572008598041556,63585,> 10% to ≤ 25%,Low poverty,Q2,9486.322269932434,Baltimore City
24510230100,1.3086084219699026,0.5666707272091218,0.5766468597769339,0.37251178751554065,9.746532779411337,0.8990419047785125,0.32783705140640157,0.1023278370514064,105294,> 25% to ≤ 50%,Low poverty,Q3,15877.8757254305,Baltimore City
24510230200,1.214209078648604,0.36400349567330875,0.3390712882185953,0.2566641399741584,10.77031157004875,0.6607157726187103,0.07339449541284404,0.05321100917431193,135938,≤ 10%,Low poverty,Q4 (highest),19460.975293663487,Baltimore City
24510230300,0.381647628069869,0.2695015919441345,0.395581465824543,0.2809098903283325,9.14111908685857,0.5306224495795796,0.0856353591160221,0.125,113750,≤ 10%,Low poverty,Q4 (highest),2857.430032137779,Baltimore City
24510240100,1.1616516881432666,0.6371773859150542,0.5852696917690949,0.22928979601146116,10.751696835028538,0.3895418947771071,0.09175314036045877,0.037684325505188423,130219,≤ 10%,Low poverty,Q4 (highest),4973.926151545139,Baltimore City
24510240200,1.6286634792022097,1.2374902695454677,1.1163054314723333,0.8303950104397664,9.667990074791891,0.41373917286669354,0.08140403286034353,0.022031366691560868,147738,≤ 10%,Low poverty,Q4 (highest),15913.959531299115,Baltimore City
24510240300,1.7031422448112163,0.7369266128963609,0.31967029838541816,0.29818594934455434,9.73445178703872,0.5070970282790337,0.0656266810112964,0.04357181280258203,155639,≤ 10%,Low poverty,Q4 (highest),24004.80462268666,Baltimore City
24510240400,0.18488830705483544,0.1255364426772787,0.8123303032419921,0.7202174964708613,10.668660038569584,0.3710236166131465,0.0927536231884058,0.05579710144927536,160192,≤ 10%,Low poverty,Q4 (highest),6055.874930743933,Baltimore City
24510250101,0.5320861701387308,0.3278406384028746,0.45495310809284417,0.30232271115543297,9.336485580101497,0.5450256989030868,0.8061440677966102,0.08665603402445508,66767,> 75% to ≤ 90%,Low poverty,Q2,10157.82843088377,Baltimore City
24510250102,0.976294940242999,0.30677428130853396,1.5156712637557082,0.6083849361973748,8.13774827385897,0.5831886763809999,0.8665247795682578,0.10003040437823046,61199,> 75% to ≤ 90%,Low poverty,Q2,11548.338925974327,Baltimore City
24510250103,3.218947508663562,1.042530405999528,2.18762074490274,0.6386605621425169,7.1796751884796794,0.6575931204033312,0.40416411512553585,0.20291734197730957,38732,> 25% to ≤ 50%,High poverty,Q1 (lowest),3268.563120639176,Baltimore City
24510250203,1.482923726367998,0.8424700188816722,1.0340765931940197,0.5507073279777602,11.968391874649093,1.4141304407022046,0.9571938168846611,0.18430439952437574,42750,> 90%,Low poverty,Q1 (lowest),4718.0604871244195,Baltimore City
24510250204,4.956494451593671,1.2827502878814636,3.525561456598491,0.795061051160082,6.703591997204636,0.7721588960768841,0.9291686019507663,0.4895494658615885,21016,> 90%,High poverty,Q1 (lowest),12941.945208022913,Baltimore City
24510250205,4.719789067443077,0.5199713166091027,3.268108845277089,0.6848870475305127,6.21297394836698,0.9454997609291697,0.3672032193158954,0.32821931589537223,42500,> 25% to ≤ 50%,High poverty,Q1 (lowest),4446.179670212716,Baltimore City
24510250206,2.7036165735368316,1.0500923303418854,2.4005258842365884,0.9156144632651715,5.199771375734449,2.0100058945034167,0.3851824548470328,0.19719867305565794,63233,> 25% to ≤ 50%,Low poverty,Q2,2755.9764057107,Baltimore City
24510250207,7.8060340778578725,1.4666289915466215,4.6108597641652915,0.7460848971312065,8.234440228453563,0.9254194786594824,0.9379537953795379,0.1900990099009901,41292,> 90%,Low poverty,Q1 (lowest),4276.772467914658,Baltimore City
24510250301,3.622712980019182,1.1660904090436617,3.9224098355799266,1.1894257229971539,3.9531305511698127,1.406236600007863,0.8575851393188855,0.3912817851582771,29538,> 75% to ≤ 90%,High poverty,Q1 (lowest),2653.0997394681217,Baltimore City
24510250303,2.199064677729192,1.5296393596484206,3.3482258261813556,0.9977873385599685,7.7882301726985705,1.1375248352680856,0.3593394077448747,0.25854214123006836,50990,> 25% to ≤ 50%,High poverty,Q1 (lowest),4527.162291323871,Baltimore City
24510250401,7.139933393069212,3.29126484235885,3.9232225284651707,1.4946932553252754,7.43888451195685,1.1704320192356985,0.2686453576864536,0.1445966514459665,46637,> 25% to ≤ 50%,Low poverty,Q1 (lowest),8642.830703592244,Baltimore City
24510250402,3.1712230275894573,0.8685123182986647,3.9442843111978187,0.7538545283854649,7.837491408573903,0.7829706365398866,0.36789297658862874,0.39727663640707117,40000,> 25% to ≤ 50%,High poverty,Q1 (lowest),15434.416470682027,Baltimore City
24510250500,2.431470769942246,0.9823441555937117,2.5178071742966157,0.5940800938170567,6.102181939075538,0.7260724417397071,0.3496256239600666,0.32529118136439267,37360,> 25% to ≤ 50%,High poverty,Q1 (lowest),1450.5906665302975,Baltimore City
24510260101,1.0313050735466478,0.5349248083073356,0.9884297888167433,0.39955312361509343,8.54921545076836,0.6251296181305585,0.766397124887691,0.0963611859838275,58977,> 75% to ≤ 90%,Low poverty,Q2,7049.17192075523,Baltimore City
24510260102,0.19949166439649405,0.16189945041811116,1.0600749463610977,0.25998662458452526,10.670390394451724,0.7882005179095444,0.8658693652253909,0.0930276981852913,70996,> 75% to ≤ 90%,Low poverty,Q2,9697.823509149031,Baltimore City
24510260201,2.8509125310343766,0.9213081824176127,2.478720327342153,0.8520851799584681,7.201594052049548,0.6875462613413027,0.915668746837578,0.15031534688156972,57314,> 90%,Low poverty,Q2,9314.892964531797,Baltimore City
24510260202,1.4051449274593282,0.5994745893603997,2.6624088430543487,1.0638813487312069,7.993000899322834,1.2271896532444069,0.8313620071684588,0.3881720430107527,31294,> 75% to ≤ 90%,High poverty,Q1 (lowest),13842.800641368252,Baltimore City
24510260203,0.8181760365757194,0.7233883291997729,3.2135263125408753,0.9335685734257085,8.28990434313964,1.835269495562168,0.9233606557377049,0.1762295081967213,63702,> 90%,Low poverty,Q2,7406.123029685101,Baltimore City
24510260301,4.360112356658266,1.2806369965911908,2.530655521719692,0.7110412427423591,8.20946998052764,0.7224314009004807,0.8865485878410723,0.19152542372881357,50342,> 75% to ≤ 90%,Low poverty,Q1 (lowest),17816.137906281027,Baltimore City
24510260302,3.0559435649727114,1.1745051158132438,2.354599379046151,0.6502731981781433,8.65845247818656,0.5925244753222071,0.9119235562941421,0.208064851382249,51715,> 90%,High poverty,Q1 (lowest),13901.998777964105,Baltimore City
24510260303,2.342400742808721,0.7618162807693307,1.0725061870964927,0.7720317160706147,3.364014160916526,1.7628732989137084,0.7847113884555382,0.23946957878315134,62625,> 75% to ≤ 90%,High poverty,Q2,2724.151393677053,Baltimore City
24510260401,2.981499713440567,1.4911045931082139,4.131726579587697,1.0446917391316912,8.429115661061946,1.6805921878024683,0.051249470563320625,0.40872511647606946,35625,≤ 10%,High poverty,Q1 (lowest),4559.501432728851,Baltimore City
24510260402,3.0480640950679367,1.8043124996414144,4.400220208050884,0.7880778433372227,7.177607185754595,0.5170668350480618,0.9299108515216723,0.16538579772517675,37155,> 90%,Low poverty,Q1 (lowest),6294.541317207796,Baltimore City
24510260403,2.4421476579770047,1.6482346562292074,2.0163618629909608,1.3325787272521865,9.445149970378282,1.0594442969491296,0.8930921052631579,0.0805921052631579,46222,> 75% to ≤ 90%,Low poverty,Q1 (lowest),1845.1314840375796,Baltimore City
24510260404,5.61820960302563,0.6490159824619638,2.0906293393994795,0.11646402590592211,NA,NA,0.0922384701912261,0.3245219347581552,55921,≤ 10%,High poverty,Q2,1030.8682250055797,Baltimore City
24510260501,3.1942088732797385,0.9834737769156103,2.87080445730781,0.954612838906419,8.76964633553631,0.6059327061061737,0.08324574311540887,0.1390728476821192,65495,≤ 10%,Low poverty,Q2,3829.335484540709,Baltimore City
24510260604,4.20920145402492,2.4452434293637673,4.6750460779377425,0.7560838896580009,5.717689914400104,1.0087730529818153,0.5452035886818496,0.3995859213250518,41467,> 50% to ≤ 75%,High poverty,Q1 (lowest),7451.1533675094215,Baltimore City
24510260605,3.332143192743555,1.436343988038107,2.178599840441491,0.6776479920774544,8.19083643724349,0.7238558785003708,0.16419213973799127,0.1456797404895311,63082,> 10% to ≤ 25%,Low poverty,Q2,1782.9002150215697,Baltimore City
24510260700,0.7510465927038658,0.595065085850698,0.33362756825702383,0.2175611949428467,5.454587375195346,1.849618583166087,0.07303779069767442,0.19694767441860464,82183,≤ 10%,Low poverty,Q3,9071.357724208412,Baltimore City
24510260800,3.3150150565971988,1.5139129273283702,2.839111898638052,0.9373073144427453,9.386787577589738,0.8428478219246089,0.15741935483870967,0.12172043010752688,65093,> 10% to ≤ 25%,Low poverty,Q2,19318.471454053153,Baltimore City
24510260900,0.9520814334976005,0.4876760365165768,0.31926021551716294,0.2619307629376967,9.598439344196198,0.7592802019398853,0.13356813871579518,0.034408019506908694,127986,> 10% to ≤ 25%,Low poverty,Q4 (highest),17314.999235648484,Baltimore City
24510261000,2.080805290601547,0.8192390375849988,1.0076160047162088,0.44829791413546216,6.203175679085384,1.7039101899577789,0.39377470355731226,0.22885835095137422,98125,> 25% to ≤ 50%,High poverty,Q3,16908.69705121506,Baltimore City
24510261100,0.06659194946871448,0.05452748083976608,0.683925184380554,0.6552167332614892,11.28580453622015,0.921295195529034,0.03246456332876086,0.029721079103795154,171700,≤ 10%,Low poverty,Q4 (highest),25772.256070760704,Baltimore City
24510270101,3.1988502141264457,1.966084732760218,2.8272210476441297,1.5008920231108425,10.652122458437239,0.5408485593514932,0.21168923734853884,0.03278688524590164,121181,> 10% to ≤ 25%,Low poverty,Q4 (highest),3808.514467363929,Baltimore City
24510270102,2.575324065366025,1.6209255540286824,2.4932736873306345,0.9014074492716637,11.11433267569878,0.8101404405769269,0.8644649933949802,0.2997875730217738,69625,> 75% to ≤ 90%,High poverty,Q2,9601.219732680918,Baltimore City
24510270200,0.04543687543587104,0.046215997369077964,1.24418687590691,0.6228435338137124,10.02969766889763,0.5514602215074345,0.4026058631921824,0.07742782152230972,110701,> 25% to ≤ 50%,Low poverty,Q4 (highest),4236.069360343265,Baltimore City
24510270301,1.0935569542858334,0.7141114920923459,0.22874356319043668,0.16254857772898984,9.520436064272252,0.6706017362892281,0.6238900028645087,0.05781905332534452,106484,> 50% to ≤ 75%,Low poverty,Q3,7941.5455154695765,Baltimore City
24510270302,0.5123247885736998,0.2734193210249922,1.5231616170279851,1.0821557856633843,9.876344904394678,0.22530609106585095,0.5697735650342285,0.06213796735123749,90089,> 50% to ≤ 75%,Low poverty,Q3,9471.934452749014,Baltimore City
24510270401,1.7354032638743782,1.009570595038775,1.8128600015066678,0.632579719612759,10.862579205678097,0.712275202461357,0.7923274753536219,0.22183020948180815,65485,> 75% to ≤ 90%,High poverty,Q2,8292.784424649535,Baltimore City
24510270402,5.206350796249647,2.3333910421615007,3.305817512436512,0.7483006018898891,9.276250192057919,1.8097867471458078,0.6488131466828971,0.07273280584297018,113107,> 50% to ≤ 75%,Low poverty,Q4 (highest),7085.023749109242,Baltimore City
24510270501,1.179546397322348,0.7784850828706666,2.1240491116277904,0.6711241413002762,8.760526684371566,0.3612402129959686,0.4764962164641137,0.07979468035464303,84657,> 25% to ≤ 50%,Low poverty,Q3,4868.7762376544915,Baltimore City
24510270502,2.079507117629178,1.7639412010095858,1.5936632445495686,0.7740952627065157,9.139141956539982,0.5698621830060115,0.5125845737483086,0.07193460490463215,90739,> 50% to ≤ 75%,Low poverty,Q3,6215.1974541735,Baltimore City
24510270600,0.2603016555622107,0.11214808263856177,0.5646157020858554,0.26927596071580856,8.977655013892718,0.4262434581199606,0.6829446064139941,0.10860058309037901,81633,> 50% to ≤ 75%,Low poverty,Q3,6861.765345235207,Baltimore City
24510270701,2.134841529428709,1.0548507297549365,2.342168084966885,1.0682151225677665,8.047293301059545,0.7623673107955625,0.9587628865979382,0.19706582077716098,49855,> 90%,Low poverty,Q1 (lowest),16336.776628125383,Baltimore City
24510270702,5.520870559218758,2.385782287677213,3.6252736251703155,1.6978721534885306,5.9016674251871075,1.4417188756300274,0.659741458910434,0.10251630941286113,63873,> 50% to ≤ 75%,Low poverty,Q2,6701.277333209101,Baltimore City
24510270703,1.0733882946203273,0.6264661590243973,0.8280844092837798,0.5210040623705232,9.70943058862099,1.1536943913020556,0.46172993154947106,0.04373633239612621,115650,> 25% to ≤ 50%,Low poverty,Q4 (highest),8374.914791231324,Baltimore City
24510270801,2.749113014932526,1.1367316554566542,1.3720377658446787,0.45231186961776426,7.707136080875834,0.9728865225855321,0.8956574185765983,0.13148371531966224,61410,> 75% to ≤ 90%,Low poverty,Q2,10646.323988689739,Baltimore City
24510270802,1.2660378957247769,0.5340404159144729,2.1961238411597765,0.6430574766701636,9.294228967921613,0.6694143582056027,0.9583111584175981,0.14004259850905218,61595,> 90%,Low poverty,Q2,13277.774059536325,Baltimore City
24510270803,6.888059981381872,1.6378384857992734,2.6253476844114716,0.9883092157368777,10.16098388653157,1.3436738263481278,0.9595846645367412,0.09657170449058426,60046,> 90%,Low poverty,Q2,7400.685178431313,Baltimore City
24510270804,1.4707002966793163,0.8390605992374406,1.3827785402368977,0.6509470503168959,9.769128367029559,2.3714584872692397,0.46529968454258674,0.1549684542586751,69167,> 25% to ≤ 50%,Low poverty,Q2,9103.686359736601,Baltimore City
24510270805,1.8600780305607514,0.7619761919027402,1.8369190935103668,0.5728883280410062,9.554762897977213,0.4745441577554952,0.8168570303269004,0.07923335309227425,77992,> 75% to ≤ 90%,Low poverty,Q3,10536.191484981155,Baltimore City
24510270901,1.9550313372111998,1.5206581452487289,1.6858183551887476,1.0170964128975621,9.029863810176384,0.6122155632906734,0.96577243293247,0.1460080770425598,51784,> 90%,Low poverty,Q1 (lowest),12398.616387257342,Baltimore City
24510270902,0.30420998667201976,0.3236654084085932,0.6304578689370326,0.4282307924041489,10.222831318805559,0.6004176248934799,0.9031039136302295,0.08877887788778878,80234,> 90%,Low poverty,Q3,8470.229040919836,Baltimore City
24510270903,1.3686405588645219,0.7079083378838277,0.6259959420898413,0.3638124238174679,8.71727248127027,1.0608344221366761,0.807103490508267,0.17286501377410468,93523,> 75% to ≤ 90%,Low poverty,Q3,11647.806101709852,Baltimore City
24510271001,5.0507574426548345,1.6092985035717815,2.4209556899359637,0.8589989150003041,8.885936541329507,0.3919826351437005,0.838495575221239,0.19966814159292035,50078,> 75% to ≤ 90%,Low poverty,Q1 (lowest),9271.25627181598,Baltimore City
24510271002,0.6694293169204945,0.47437383992660226,3.390415935968214,1.1773644738455844,8.96188865328532,0.32692267956569626,0.9007832898172323,0.14655632674853178,63482,> 90%,Low poverty,Q2,10379.96391999615,Baltimore City
24510271101,1.847653529677645,1.108653331099252,1.7607037237594012,0.8966278835516708,9.716562972983127,1.0642681813293686,0.35590858416945376,0.2072170585019136,68929,> 25% to ≤ 50%,High poverty,Q2,9184.654163985755,Baltimore City
24510271102,0,0,0,0,10.36318826014954,0.6076309849946767,0.2895855472901169,0.02501954652071931,250001,> 25% to ≤ 50%,Low poverty,Q4 (highest),7941.117875572752,Baltimore City
24510271200,1.1396641319521383,0.5139874569254822,0.37723341219629025,0.29224375614704695,11.034023572066852,0.41757893900789184,0.11977095594083029,0.03768020969855832,195272,> 10% to ≤ 25%,Low poverty,Q4 (highest),4523.802322680445,Baltimore City
24510271300,0.6171382317814302,0.29657814982830155,0.20490844401159436,0.14755091905873494,10.778038216566449,0.829946543686467,0.19665271966527198,0.04609929078014184,172596,> 10% to ≤ 25%,Low poverty,Q4 (highest),2595.677130558819,Baltimore City
24510271400,1.4160257772336642,0.858723226957865,0.12207998895568922,0.0913702811892732,11.41324455592967,0.5420943042374103,0.04263667277007586,0.04227248249865374,142328,≤ 10%,Low poverty,Q4 (highest),5765.277598473543,Baltimore City
24510271501,0.32127169453749427,0.14558421906683006,0.46045575080153334,0.2707095917909532,11.479403365200755,0.3952154222937464,0.17189935426408373,0.06101091071030951,117334,> 10% to ≤ 25%,Low poverty,Q4 (highest),3205.7734688590376,Baltimore City
24510271503,1.6713656803502075,0.7800964153688007,3.342731360700415,1.560193156060597,10.076555117190885,0.0878847709060785,0.2531356898517674,0.039908779931584946,93438,> 25% to ≤ 50%,Low poverty,Q3,3058.0676151073762,Baltimore City
24510271600,7.15958054242941,1.8772463730560778,4.657371269733474,1.1461768705882718,6.796040857027165,0.30846806072039956,0.9141440501043842,0.28738690792974986,51375,> 90%,High poverty,Q1 (lowest),11672.210637236916,Baltimore City
24510271700,2.9453134286581033,1.8027875935804532,1.991061332315776,1.2877577194397611,10.115995049198833,1.0794576724235687,0.8891454965357968,0.23412112259970458,49091,> 75% to ≤ 90%,High poverty,Q1 (lowest),6467.125063649695,Baltimore City
24510271801,4.803235580479879,1.860142157717014,2.1207180652182327,1.0649962778982969,5.6355048022781125,1.3720059491316747,0.9586125344895546,0.359257797078563,NA,> 90%,High poverty,NA,11776.428423441022,Baltimore City
24510271802,3.543470154388113,0.9106725478109563,4.72484416837515,0.43226507898412747,6.815361944253505,2.947299278552853,0.8997732426303855,0.2585034013605442,42850,> 75% to ≤ 90%,High poverty,Q1 (lowest),10769.8409112339,Baltimore City
24510271900,1.6880635509329405,0.6978912191569019,2.255319047191379,0.957954368809051,9.662663622722148,0.6487740296088795,0.6234119782214156,0.08557151780137415,66720,> 50% to ≤ 75%,Low poverty,Q2,6120.5046569443875,Baltimore City
24510272003,1.942140133729397,1.0883497547276635,0.6757046138884377,0.31643243393416015,10.848727849712702,0.5070096537302762,0.3271896420411272,0.07724137931034483,75973,> 25% to ≤ 50%,Low poverty,Q2,8788.519243671159,Baltimore City
24510272004,1.4760035295284115,0.7274518204082473,0.0900630904240661,0.0736711651222492,10.023945785767271,1.137005448184363,0.29750778816199375,0.058151609553478714,70481,> 25% to ≤ 50%,Low poverty,Q2,14072.904434178508,Baltimore City
24510272005,3.108294334858224,1.031472543150314,1.2116063598528028,0.696061117696823,8.782682798690226,0.5577866561585997,0.2229806598407281,0.11831626848691695,92708,> 10% to ≤ 25%,Low poverty,Q3,9814.737206963782,Baltimore City
24510272006,6.24267718762451,1.4678901630188599,2.825562282834133,0.7382461684956124,9.172010046915375,0.26783419368873557,0.5244656917885264,0.2144666479031804,40370,> 50% to ≤ 75%,High poverty,Q1 (lowest),12500.403552775877,Baltimore City
24510272007,2.930789113038544,0.9530476996291243,1.1407254190415732,0.27169115081901607,9.330355207523192,0.3738692740025802,0.545839636913767,0.24977155041120927,43422,> 50% to ≤ 75%,High poverty,Q1 (lowest),10669.240531573056,Baltimore City
24510280101,0.2008850110670048,0.14516242053720532,2.7349168853641146,0.692299709598256,7.144426236560898,0.6405168446038727,0.7106027596223675,0.09726775956284153,86686,> 50% to ≤ 75%,Low poverty,Q3,5064.791532582177,Baltimore City
24510280102,0.3491556387567824,0.2159427725031638,2.8518894195324385,0.9296456779690832,8.086284569904695,0.7327149234285877,0.892974527526705,0.25176018775336034,47974,> 75% to ≤ 90%,High poverty,Q1 (lowest),3603.6531352172196,Baltimore City
24510280200,1.854210609366891,0.9702824379145564,2.2511719034126356,0.9501908719423134,9.26077219865915,0.9305133384477533,0.9532587228439763,0.1997333925794268,72598,> 90%,Low poverty,Q2,4890.759027697204,Baltimore City
24510280301,1.3440061852438725,0.5856604562541582,1.6421877815926909,0.5645907749902604,8.154271716156584,0.7905467647873403,0.6911725248188891,0.1848625102096379,52303,> 50% to ≤ 75%,Low poverty,Q1 (lowest),3053.820477006543,Baltimore City
24510280302,0.05071367124453608,0.057217288122270504,0.5169279508512191,0.3015395934937492,10.857216674219519,0.17090945361051857,0.9557314570507183,0.08150102609205512,90259,> 90%,Low poverty,Q3,8775.120478445231,Baltimore City
24510280401,0.42063421367766785,0.26450647947033185,0.9506193922804116,0.3460569327135519,11.53747377775089,0.6009730776578758,0.7404624277456647,0.21314335562663564,70107,> 50% to ≤ 75%,High poverty,Q2,5445.535568662291,Baltimore City
24510280402,2.6361362941644804,1.477171982739289,2.7776251680674924,0.8556525361760083,11.55175233878263,0.49193577043655323,0.9553502694380293,0.10734017363851618,54444,> 90%,Low poverty,Q1 (lowest),5989.536296180249,Baltimore City
24510280403,1.3918016897706122,0.6977889031722495,1.3687316586233118,0.5186918739285297,10.374439588496829,0.5444151140876015,0.5938526513374003,0.2345708775313404,72949,> 50% to ≤ 75%,High poverty,Q2,6027.536438146722,Baltimore City
24510280404,0.7001316700889217,0.5450894549262267,0.7510983449932669,0.5364100064229604,9.1330333474995,0.9673459671816756,0.7868852459016393,0.2014694508894045,62220,> 75% to ≤ 90%,High poverty,Q2,8560.50161256505,Baltimore City
24510280500,2.401226735394054,1.0722506068788547,3.784394720377065,0.9732645114468723,7.852837393663299,1.088335851707068,0.9353932584269663,0.6652298850574713,19150,> 90%,High poverty,Q1 (lowest),6985.277907831239,Baltimore City
24510280600,4.218750732544866,1.275345272260377,3.4056006223701694,0.7595917711672,8.727289690261681,1.1853836996450213,0.8881952326901249,0.3654513888888889,24717,> 75% to ≤ 90%,High poverty,Q1 (lowest),15836.974637222223,Baltimore City
